[
{
  "model": "account.profile",
  "pk": 1,
  "fields": {
    "user": 2,
    "date_of_birth": "2004-06-25",
    "photo": "users/2024/06/01/IMG_20221005_102906_1.jpg"
  }
},
{
  "model": "account.profile",
  "pk": 2,
  "fields": {
    "user": 3,
    "date_of_birth": null,
    "photo": ""
  }
},
{
  "model": "account.profile",
  "pk": 3,
  "fields": {
    "user": 4,
    "date_of_birth": null,
    "photo": ""
  }
},
{
  "model": "account.profile",
  "pk": 4,
  "fields": {
    "user": 5,
    "date_of_birth": "2024-06-24",
    "photo": "users/2024/06/24/OIP.jpeg"
  }
},
{
  "model": "admin.logentry",
  "pk": 1,
  "fields": {
    "action_time": "2024-06-01T11:38:15.542Z",
    "user": 1,
    "content_type": 21,
    "object_id": "1",
    "object_repr": "First blog",
    "action_flag": 1,
    "change_message": "[{\"added\": {}}]"
  }
},
{
  "model": "admin.logentry",
  "pk": 2,
  "fields": {
    "action_time": "2024-06-01T13:52:14.855Z",
    "user": 1,
    "content_type": 1,
    "object_id": "1",
    "object_repr": "Profile of namru",
    "action_flag": 2,
    "change_message": "[{\"changed\": {\"fields\": [\"Photo\"]}}]"
  }
},
{
  "model": "admin.logentry",
  "pk": 3,
  "fields": {
    "action_time": "2024-06-03T06:53:43.462Z",
    "user": 1,
    "content_type": 21,
    "object_id": "2",
    "object_repr": "Hello there",
    "action_flag": 2,
    "change_message": "[{\"changed\": {\"fields\": [\"Publish\", \"Tags\"]}}]"
  }
},
{
  "model": "admin.logentry",
  "pk": 4,
  "fields": {
    "action_time": "2024-06-03T07:23:45.812Z",
    "user": 1,
    "content_type": 21,
    "object_id": "6",
    "object_repr": "hie",
    "action_flag": 3,
    "change_message": ""
  }
},
{
  "model": "admin.logentry",
  "pk": 5,
  "fields": {
    "action_time": "2024-06-03T07:23:45.820Z",
    "user": 1,
    "content_type": 21,
    "object_id": "7",
    "object_repr": "hie",
    "action_flag": 3,
    "change_message": ""
  }
},
{
  "model": "admin.logentry",
  "pk": 6,
  "fields": {
    "action_time": "2024-06-03T07:24:15.707Z",
    "user": 1,
    "content_type": 21,
    "object_id": "10",
    "object_repr": "test and check",
    "action_flag": 3,
    "change_message": ""
  }
},
{
  "model": "admin.logentry",
  "pk": 7,
  "fields": {
    "action_time": "2024-06-03T07:55:38.742Z",
    "user": 1,
    "content_type": 21,
    "object_id": "15",
    "object_repr": "testing editor",
    "action_flag": 3,
    "change_message": ""
  }
},
{
  "model": "admin.logentry",
  "pk": 8,
  "fields": {
    "action_time": "2024-06-03T08:48:01.660Z",
    "user": 1,
    "content_type": 21,
    "object_id": "16",
    "object_repr": "Why Kriya Yoga? A Scientific Approach to Spiritual Enlightenment",
    "action_flag": 2,
    "change_message": "[]"
  }
},
{
  "model": "admin.logentry",
  "pk": 9,
  "fields": {
    "action_time": "2024-06-24T17:27:13.892Z",
    "user": 1,
    "content_type": 1,
    "object_id": "4",
    "object_repr": "Profile of ram",
    "action_flag": 2,
    "change_message": "[{\"changed\": {\"fields\": [\"Tags\", \"Date of birth\", \"Photo\"]}}]"
  }
},
{
  "model": "admin.logentry",
  "pk": 10,
  "fields": {
    "action_time": "2024-06-24T17:27:29.547Z",
    "user": 1,
    "content_type": 1,
    "object_id": "4",
    "object_repr": "Profile of ram",
    "action_flag": 2,
    "change_message": "[]"
  }
},
{
  "model": "admin.logentry",
  "pk": 11,
  "fields": {
    "action_time": "2024-06-25T04:27:16.914Z",
    "user": 1,
    "content_type": 26,
    "object_id": "1",
    "object_repr": "Electronics",
    "action_flag": 1,
    "change_message": "[{\"added\": {}}]"
  }
},
{
  "model": "admin.logentry",
  "pk": 12,
  "fields": {
    "action_time": "2024-06-25T04:27:39.642Z",
    "user": 1,
    "content_type": 25,
    "object_id": "1",
    "object_repr": "Yphone",
    "action_flag": 1,
    "change_message": "[{\"added\": {}}]"
  }
},
{
  "model": "admin.logentry",
  "pk": 13,
  "fields": {
    "action_time": "2024-06-25T05:54:56.706Z",
    "user": 1,
    "content_type": 25,
    "object_id": "2",
    "object_repr": "Headphone",
    "action_flag": 1,
    "change_message": "[{\"added\": {}}]"
  }
},
{
  "model": "admin.logentry",
  "pk": 14,
  "fields": {
    "action_time": "2024-06-25T05:56:29.468Z",
    "user": 1,
    "content_type": 26,
    "object_id": "2",
    "object_repr": "Fashion",
    "action_flag": 1,
    "change_message": "[{\"added\": {}}]"
  }
},
{
  "model": "admin.logentry",
  "pk": 15,
  "fields": {
    "action_time": "2024-06-25T05:56:50.503Z",
    "user": 1,
    "content_type": 25,
    "object_id": "3",
    "object_repr": "Long Coat for Men",
    "action_flag": 1,
    "change_message": "[{\"added\": {}}]"
  }
},
{
  "model": "admin.logentry",
  "pk": 16,
  "fields": {
    "action_time": "2024-06-25T06:56:23.222Z",
    "user": 1,
    "content_type": 28,
    "object_id": "1",
    "object_repr": "Order 1",
    "action_flag": 1,
    "change_message": "[{\"added\": {}}, {\"added\": {\"name\": \"order item\", \"object\": \"1\"}}]"
  }
},
{
  "model": "admin.logentry",
  "pk": 17,
  "fields": {
    "action_time": "2024-06-25T16:57:32.713Z",
    "user": 1,
    "content_type": 29,
    "object_id": "1",
    "object_repr": "SYAM",
    "action_flag": 1,
    "change_message": "[{\"added\": {}}]"
  }
},
{
  "model": "auth.permission",
  "pk": 1,
  "fields": {
    "name": "Can add profile",
    "content_type": 1,
    "codename": "add_profile"
  }
},
{
  "model": "auth.permission",
  "pk": 2,
  "fields": {
    "name": "Can change profile",
    "content_type": 1,
    "codename": "change_profile"
  }
},
{
  "model": "auth.permission",
  "pk": 3,
  "fields": {
    "name": "Can delete profile",
    "content_type": 1,
    "codename": "delete_profile"
  }
},
{
  "model": "auth.permission",
  "pk": 4,
  "fields": {
    "name": "Can view profile",
    "content_type": 1,
    "codename": "view_profile"
  }
},
{
  "model": "auth.permission",
  "pk": 5,
  "fields": {
    "name": "Can add contact",
    "content_type": 2,
    "codename": "add_contact"
  }
},
{
  "model": "auth.permission",
  "pk": 6,
  "fields": {
    "name": "Can change contact",
    "content_type": 2,
    "codename": "change_contact"
  }
},
{
  "model": "auth.permission",
  "pk": 7,
  "fields": {
    "name": "Can delete contact",
    "content_type": 2,
    "codename": "delete_contact"
  }
},
{
  "model": "auth.permission",
  "pk": 8,
  "fields": {
    "name": "Can view contact",
    "content_type": 2,
    "codename": "view_contact"
  }
},
{
  "model": "auth.permission",
  "pk": 9,
  "fields": {
    "name": "Can add log entry",
    "content_type": 3,
    "codename": "add_logentry"
  }
},
{
  "model": "auth.permission",
  "pk": 10,
  "fields": {
    "name": "Can change log entry",
    "content_type": 3,
    "codename": "change_logentry"
  }
},
{
  "model": "auth.permission",
  "pk": 11,
  "fields": {
    "name": "Can delete log entry",
    "content_type": 3,
    "codename": "delete_logentry"
  }
},
{
  "model": "auth.permission",
  "pk": 12,
  "fields": {
    "name": "Can view log entry",
    "content_type": 3,
    "codename": "view_logentry"
  }
},
{
  "model": "auth.permission",
  "pk": 13,
  "fields": {
    "name": "Can add permission",
    "content_type": 4,
    "codename": "add_permission"
  }
},
{
  "model": "auth.permission",
  "pk": 14,
  "fields": {
    "name": "Can change permission",
    "content_type": 4,
    "codename": "change_permission"
  }
},
{
  "model": "auth.permission",
  "pk": 15,
  "fields": {
    "name": "Can delete permission",
    "content_type": 4,
    "codename": "delete_permission"
  }
},
{
  "model": "auth.permission",
  "pk": 16,
  "fields": {
    "name": "Can view permission",
    "content_type": 4,
    "codename": "view_permission"
  }
},
{
  "model": "auth.permission",
  "pk": 17,
  "fields": {
    "name": "Can add group",
    "content_type": 5,
    "codename": "add_group"
  }
},
{
  "model": "auth.permission",
  "pk": 18,
  "fields": {
    "name": "Can change group",
    "content_type": 5,
    "codename": "change_group"
  }
},
{
  "model": "auth.permission",
  "pk": 19,
  "fields": {
    "name": "Can delete group",
    "content_type": 5,
    "codename": "delete_group"
  }
},
{
  "model": "auth.permission",
  "pk": 20,
  "fields": {
    "name": "Can view group",
    "content_type": 5,
    "codename": "view_group"
  }
},
{
  "model": "auth.permission",
  "pk": 21,
  "fields": {
    "name": "Can add user",
    "content_type": 6,
    "codename": "add_user"
  }
},
{
  "model": "auth.permission",
  "pk": 22,
  "fields": {
    "name": "Can change user",
    "content_type": 6,
    "codename": "change_user"
  }
},
{
  "model": "auth.permission",
  "pk": 23,
  "fields": {
    "name": "Can delete user",
    "content_type": 6,
    "codename": "delete_user"
  }
},
{
  "model": "auth.permission",
  "pk": 24,
  "fields": {
    "name": "Can view user",
    "content_type": 6,
    "codename": "view_user"
  }
},
{
  "model": "auth.permission",
  "pk": 25,
  "fields": {
    "name": "Can add content type",
    "content_type": 7,
    "codename": "add_contenttype"
  }
},
{
  "model": "auth.permission",
  "pk": 26,
  "fields": {
    "name": "Can change content type",
    "content_type": 7,
    "codename": "change_contenttype"
  }
},
{
  "model": "auth.permission",
  "pk": 27,
  "fields": {
    "name": "Can delete content type",
    "content_type": 7,
    "codename": "delete_contenttype"
  }
},
{
  "model": "auth.permission",
  "pk": 28,
  "fields": {
    "name": "Can view content type",
    "content_type": 7,
    "codename": "view_contenttype"
  }
},
{
  "model": "auth.permission",
  "pk": 29,
  "fields": {
    "name": "Can add session",
    "content_type": 8,
    "codename": "add_session"
  }
},
{
  "model": "auth.permission",
  "pk": 30,
  "fields": {
    "name": "Can change session",
    "content_type": 8,
    "codename": "change_session"
  }
},
{
  "model": "auth.permission",
  "pk": 31,
  "fields": {
    "name": "Can delete session",
    "content_type": 8,
    "codename": "delete_session"
  }
},
{
  "model": "auth.permission",
  "pk": 32,
  "fields": {
    "name": "Can view session",
    "content_type": 8,
    "codename": "view_session"
  }
},
{
  "model": "auth.permission",
  "pk": 33,
  "fields": {
    "name": "Can add site",
    "content_type": 9,
    "codename": "add_site"
  }
},
{
  "model": "auth.permission",
  "pk": 34,
  "fields": {
    "name": "Can change site",
    "content_type": 9,
    "codename": "change_site"
  }
},
{
  "model": "auth.permission",
  "pk": 35,
  "fields": {
    "name": "Can delete site",
    "content_type": 9,
    "codename": "delete_site"
  }
},
{
  "model": "auth.permission",
  "pk": 36,
  "fields": {
    "name": "Can view site",
    "content_type": 9,
    "codename": "view_site"
  }
},
{
  "model": "auth.permission",
  "pk": 37,
  "fields": {
    "name": "Can add association",
    "content_type": 10,
    "codename": "add_association"
  }
},
{
  "model": "auth.permission",
  "pk": 38,
  "fields": {
    "name": "Can change association",
    "content_type": 10,
    "codename": "change_association"
  }
},
{
  "model": "auth.permission",
  "pk": 39,
  "fields": {
    "name": "Can delete association",
    "content_type": 10,
    "codename": "delete_association"
  }
},
{
  "model": "auth.permission",
  "pk": 40,
  "fields": {
    "name": "Can view association",
    "content_type": 10,
    "codename": "view_association"
  }
},
{
  "model": "auth.permission",
  "pk": 41,
  "fields": {
    "name": "Can add code",
    "content_type": 11,
    "codename": "add_code"
  }
},
{
  "model": "auth.permission",
  "pk": 42,
  "fields": {
    "name": "Can change code",
    "content_type": 11,
    "codename": "change_code"
  }
},
{
  "model": "auth.permission",
  "pk": 43,
  "fields": {
    "name": "Can delete code",
    "content_type": 11,
    "codename": "delete_code"
  }
},
{
  "model": "auth.permission",
  "pk": 44,
  "fields": {
    "name": "Can view code",
    "content_type": 11,
    "codename": "view_code"
  }
},
{
  "model": "auth.permission",
  "pk": 45,
  "fields": {
    "name": "Can add nonce",
    "content_type": 12,
    "codename": "add_nonce"
  }
},
{
  "model": "auth.permission",
  "pk": 46,
  "fields": {
    "name": "Can change nonce",
    "content_type": 12,
    "codename": "change_nonce"
  }
},
{
  "model": "auth.permission",
  "pk": 47,
  "fields": {
    "name": "Can delete nonce",
    "content_type": 12,
    "codename": "delete_nonce"
  }
},
{
  "model": "auth.permission",
  "pk": 48,
  "fields": {
    "name": "Can view nonce",
    "content_type": 12,
    "codename": "view_nonce"
  }
},
{
  "model": "auth.permission",
  "pk": 49,
  "fields": {
    "name": "Can add user social auth",
    "content_type": 13,
    "codename": "add_usersocialauth"
  }
},
{
  "model": "auth.permission",
  "pk": 50,
  "fields": {
    "name": "Can change user social auth",
    "content_type": 13,
    "codename": "change_usersocialauth"
  }
},
{
  "model": "auth.permission",
  "pk": 51,
  "fields": {
    "name": "Can delete user social auth",
    "content_type": 13,
    "codename": "delete_usersocialauth"
  }
},
{
  "model": "auth.permission",
  "pk": 52,
  "fields": {
    "name": "Can view user social auth",
    "content_type": 13,
    "codename": "view_usersocialauth"
  }
},
{
  "model": "auth.permission",
  "pk": 53,
  "fields": {
    "name": "Can add partial",
    "content_type": 14,
    "codename": "add_partial"
  }
},
{
  "model": "auth.permission",
  "pk": 54,
  "fields": {
    "name": "Can change partial",
    "content_type": 14,
    "codename": "change_partial"
  }
},
{
  "model": "auth.permission",
  "pk": 55,
  "fields": {
    "name": "Can delete partial",
    "content_type": 14,
    "codename": "delete_partial"
  }
},
{
  "model": "auth.permission",
  "pk": 56,
  "fields": {
    "name": "Can view partial",
    "content_type": 14,
    "codename": "view_partial"
  }
},
{
  "model": "auth.permission",
  "pk": 57,
  "fields": {
    "name": "Can add source",
    "content_type": 15,
    "codename": "add_source"
  }
},
{
  "model": "auth.permission",
  "pk": 58,
  "fields": {
    "name": "Can change source",
    "content_type": 15,
    "codename": "change_source"
  }
},
{
  "model": "auth.permission",
  "pk": 59,
  "fields": {
    "name": "Can delete source",
    "content_type": 15,
    "codename": "delete_source"
  }
},
{
  "model": "auth.permission",
  "pk": 60,
  "fields": {
    "name": "Can view source",
    "content_type": 15,
    "codename": "view_source"
  }
},
{
  "model": "auth.permission",
  "pk": 61,
  "fields": {
    "name": "Can add thumbnail",
    "content_type": 16,
    "codename": "add_thumbnail"
  }
},
{
  "model": "auth.permission",
  "pk": 62,
  "fields": {
    "name": "Can change thumbnail",
    "content_type": 16,
    "codename": "change_thumbnail"
  }
},
{
  "model": "auth.permission",
  "pk": 63,
  "fields": {
    "name": "Can delete thumbnail",
    "content_type": 16,
    "codename": "delete_thumbnail"
  }
},
{
  "model": "auth.permission",
  "pk": 64,
  "fields": {
    "name": "Can view thumbnail",
    "content_type": 16,
    "codename": "view_thumbnail"
  }
},
{
  "model": "auth.permission",
  "pk": 65,
  "fields": {
    "name": "Can add thumbnail dimensions",
    "content_type": 17,
    "codename": "add_thumbnaildimensions"
  }
},
{
  "model": "auth.permission",
  "pk": 66,
  "fields": {
    "name": "Can change thumbnail dimensions",
    "content_type": 17,
    "codename": "change_thumbnaildimensions"
  }
},
{
  "model": "auth.permission",
  "pk": 67,
  "fields": {
    "name": "Can delete thumbnail dimensions",
    "content_type": 17,
    "codename": "delete_thumbnaildimensions"
  }
},
{
  "model": "auth.permission",
  "pk": 68,
  "fields": {
    "name": "Can view thumbnail dimensions",
    "content_type": 17,
    "codename": "view_thumbnaildimensions"
  }
},
{
  "model": "auth.permission",
  "pk": 69,
  "fields": {
    "name": "Can add action",
    "content_type": 18,
    "codename": "add_action"
  }
},
{
  "model": "auth.permission",
  "pk": 70,
  "fields": {
    "name": "Can change action",
    "content_type": 18,
    "codename": "change_action"
  }
},
{
  "model": "auth.permission",
  "pk": 71,
  "fields": {
    "name": "Can delete action",
    "content_type": 18,
    "codename": "delete_action"
  }
},
{
  "model": "auth.permission",
  "pk": 72,
  "fields": {
    "name": "Can view action",
    "content_type": 18,
    "codename": "view_action"
  }
},
{
  "model": "auth.permission",
  "pk": 73,
  "fields": {
    "name": "Can add tag",
    "content_type": 19,
    "codename": "add_tag"
  }
},
{
  "model": "auth.permission",
  "pk": 74,
  "fields": {
    "name": "Can change tag",
    "content_type": 19,
    "codename": "change_tag"
  }
},
{
  "model": "auth.permission",
  "pk": 75,
  "fields": {
    "name": "Can delete tag",
    "content_type": 19,
    "codename": "delete_tag"
  }
},
{
  "model": "auth.permission",
  "pk": 76,
  "fields": {
    "name": "Can view tag",
    "content_type": 19,
    "codename": "view_tag"
  }
},
{
  "model": "auth.permission",
  "pk": 77,
  "fields": {
    "name": "Can add tagged item",
    "content_type": 20,
    "codename": "add_taggeditem"
  }
},
{
  "model": "auth.permission",
  "pk": 78,
  "fields": {
    "name": "Can change tagged item",
    "content_type": 20,
    "codename": "change_taggeditem"
  }
},
{
  "model": "auth.permission",
  "pk": 79,
  "fields": {
    "name": "Can delete tagged item",
    "content_type": 20,
    "codename": "delete_taggeditem"
  }
},
{
  "model": "auth.permission",
  "pk": 80,
  "fields": {
    "name": "Can view tagged item",
    "content_type": 20,
    "codename": "view_taggeditem"
  }
},
{
  "model": "auth.permission",
  "pk": 81,
  "fields": {
    "name": "Can add post",
    "content_type": 21,
    "codename": "add_post"
  }
},
{
  "model": "auth.permission",
  "pk": 82,
  "fields": {
    "name": "Can change post",
    "content_type": 21,
    "codename": "change_post"
  }
},
{
  "model": "auth.permission",
  "pk": 83,
  "fields": {
    "name": "Can delete post",
    "content_type": 21,
    "codename": "delete_post"
  }
},
{
  "model": "auth.permission",
  "pk": 84,
  "fields": {
    "name": "Can view post",
    "content_type": 21,
    "codename": "view_post"
  }
},
{
  "model": "auth.permission",
  "pk": 85,
  "fields": {
    "name": "Can add comment",
    "content_type": 22,
    "codename": "add_comment"
  }
},
{
  "model": "auth.permission",
  "pk": 86,
  "fields": {
    "name": "Can change comment",
    "content_type": 22,
    "codename": "change_comment"
  }
},
{
  "model": "auth.permission",
  "pk": 87,
  "fields": {
    "name": "Can delete comment",
    "content_type": 22,
    "codename": "delete_comment"
  }
},
{
  "model": "auth.permission",
  "pk": 88,
  "fields": {
    "name": "Can view comment",
    "content_type": 22,
    "codename": "view_comment"
  }
},
{
  "model": "auth.permission",
  "pk": 89,
  "fields": {
    "name": "Can add attachment",
    "content_type": 23,
    "codename": "add_attachment"
  }
},
{
  "model": "auth.permission",
  "pk": 90,
  "fields": {
    "name": "Can change attachment",
    "content_type": 23,
    "codename": "change_attachment"
  }
},
{
  "model": "auth.permission",
  "pk": 91,
  "fields": {
    "name": "Can delete attachment",
    "content_type": 23,
    "codename": "delete_attachment"
  }
},
{
  "model": "auth.permission",
  "pk": 92,
  "fields": {
    "name": "Can view attachment",
    "content_type": 23,
    "codename": "view_attachment"
  }
},
{
  "model": "auth.permission",
  "pk": 93,
  "fields": {
    "name": "Can add user interaction",
    "content_type": 24,
    "codename": "add_userinteraction"
  }
},
{
  "model": "auth.permission",
  "pk": 94,
  "fields": {
    "name": "Can change user interaction",
    "content_type": 24,
    "codename": "change_userinteraction"
  }
},
{
  "model": "auth.permission",
  "pk": 95,
  "fields": {
    "name": "Can delete user interaction",
    "content_type": 24,
    "codename": "delete_userinteraction"
  }
},
{
  "model": "auth.permission",
  "pk": 96,
  "fields": {
    "name": "Can view user interaction",
    "content_type": 24,
    "codename": "view_userinteraction"
  }
},
{
  "model": "auth.permission",
  "pk": 97,
  "fields": {
    "name": "Can add product",
    "content_type": 25,
    "codename": "add_product"
  }
},
{
  "model": "auth.permission",
  "pk": 98,
  "fields": {
    "name": "Can change product",
    "content_type": 25,
    "codename": "change_product"
  }
},
{
  "model": "auth.permission",
  "pk": 99,
  "fields": {
    "name": "Can delete product",
    "content_type": 25,
    "codename": "delete_product"
  }
},
{
  "model": "auth.permission",
  "pk": 100,
  "fields": {
    "name": "Can view product",
    "content_type": 25,
    "codename": "view_product"
  }
},
{
  "model": "auth.permission",
  "pk": 101,
  "fields": {
    "name": "Can add category",
    "content_type": 26,
    "codename": "add_category"
  }
},
{
  "model": "auth.permission",
  "pk": 102,
  "fields": {
    "name": "Can change category",
    "content_type": 26,
    "codename": "change_category"
  }
},
{
  "model": "auth.permission",
  "pk": 103,
  "fields": {
    "name": "Can delete category",
    "content_type": 26,
    "codename": "delete_category"
  }
},
{
  "model": "auth.permission",
  "pk": 104,
  "fields": {
    "name": "Can view category",
    "content_type": 26,
    "codename": "view_category"
  }
},
{
  "model": "auth.permission",
  "pk": 105,
  "fields": {
    "name": "Can add order item",
    "content_type": 27,
    "codename": "add_orderitem"
  }
},
{
  "model": "auth.permission",
  "pk": 106,
  "fields": {
    "name": "Can change order item",
    "content_type": 27,
    "codename": "change_orderitem"
  }
},
{
  "model": "auth.permission",
  "pk": 107,
  "fields": {
    "name": "Can delete order item",
    "content_type": 27,
    "codename": "delete_orderitem"
  }
},
{
  "model": "auth.permission",
  "pk": 108,
  "fields": {
    "name": "Can view order item",
    "content_type": 27,
    "codename": "view_orderitem"
  }
},
{
  "model": "auth.permission",
  "pk": 109,
  "fields": {
    "name": "Can add order",
    "content_type": 28,
    "codename": "add_order"
  }
},
{
  "model": "auth.permission",
  "pk": 110,
  "fields": {
    "name": "Can change order",
    "content_type": 28,
    "codename": "change_order"
  }
},
{
  "model": "auth.permission",
  "pk": 111,
  "fields": {
    "name": "Can delete order",
    "content_type": 28,
    "codename": "delete_order"
  }
},
{
  "model": "auth.permission",
  "pk": 112,
  "fields": {
    "name": "Can view order",
    "content_type": 28,
    "codename": "view_order"
  }
},
{
  "model": "auth.permission",
  "pk": 113,
  "fields": {
    "name": "Can add coupon",
    "content_type": 29,
    "codename": "add_coupon"
  }
},
{
  "model": "auth.permission",
  "pk": 114,
  "fields": {
    "name": "Can change coupon",
    "content_type": 29,
    "codename": "change_coupon"
  }
},
{
  "model": "auth.permission",
  "pk": 115,
  "fields": {
    "name": "Can delete coupon",
    "content_type": 29,
    "codename": "delete_coupon"
  }
},
{
  "model": "auth.permission",
  "pk": 116,
  "fields": {
    "name": "Can view coupon",
    "content_type": 29,
    "codename": "view_coupon"
  }
},
{
  "model": "auth.user",
  "pk": 1,
  "fields": {
    "password": "pbkdf2_sha256$720000$ZvAXfgJQ4As6SmCt40vPDe$P+bFgtJQNdse7//lVtUBRi9IkzJgj357K+a+z64Xe6s=",
    "last_login": "2024-06-25T06:55:59.331Z",
    "is_superuser": true,
    "username": "ripple",
    "first_name": "",
    "last_name": "",
    "email": "ripple@gmail.com",
    "is_staff": true,
    "is_active": true,
    "date_joined": "2024-05-23T11:17:56.592Z",
    "groups": [],
    "user_permissions": []
  }
},
{
  "model": "auth.user",
  "pk": 2,
  "fields": {
    "password": "pbkdf2_sha256$720000$iAlgLukZ6Py4n4K8SQdQAo$RBwkpT8/QW7DLj02H8wd/HO5jcywMWpWG6eFpG4JdEo=",
    "last_login": "2024-06-11T16:36:44.156Z",
    "is_superuser": false,
    "username": "namru",
    "first_name": "Namrata",
    "last_name": "Dahal",
    "email": "namaradahal24@gmail.com",
    "is_staff": false,
    "is_active": true,
    "date_joined": "2024-06-01T13:46:34.263Z",
    "groups": [],
    "user_permissions": []
  }
},
{
  "model": "auth.user",
  "pk": 3,
  "fields": {
    "password": "pbkdf2_sha256$720000$NM1RDdNFPYMw6y23hf2Um2$T+nRhMywA6aBXlkSvUCwS+/reoHdZ5qXB9/HPy233UE=",
    "last_login": "2024-06-03T09:39:25.107Z",
    "is_superuser": false,
    "username": "mamata",
    "first_name": "Mamata",
    "last_name": "Dahal",
    "email": "dahalmamata2@gmail.com",
    "is_staff": false,
    "is_active": true,
    "date_joined": "2024-06-01T14:03:14.690Z",
    "groups": [],
    "user_permissions": []
  }
},
{
  "model": "auth.user",
  "pk": 4,
  "fields": {
    "password": "pbkdf2_sha256$720000$VjjOxaPZlSXSAf73CbS21u$4xZWkltDdiO+NDIT60/8c7sezvZ5zbtyrBfRdtdi8ws=",
    "last_login": null,
    "is_superuser": false,
    "username": "hari",
    "first_name": "Hari",
    "last_name": "Lal",
    "email": "hari@gmail.com",
    "is_staff": false,
    "is_active": true,
    "date_joined": "2024-06-24T17:10:59.864Z",
    "groups": [],
    "user_permissions": []
  }
},
{
  "model": "auth.user",
  "pk": 5,
  "fields": {
    "password": "pbkdf2_sha256$720000$HiJ41p2lj9eu6JbnbrCzF7$Q32OByio4bUvzSxZnaR5hjmK+1McYNijPkpxOvHmayE=",
    "last_login": "2024-06-24T17:31:33.727Z",
    "is_superuser": false,
    "username": "ram",
    "first_name": "Ram",
    "last_name": "Lal",
    "email": "ram@gmail.com",
    "is_staff": false,
    "is_active": true,
    "date_joined": "2024-06-24T17:15:16.375Z",
    "groups": [],
    "user_permissions": []
  }
},
{
  "model": "contenttypes.contenttype",
  "pk": 1,
  "fields": {
    "app_label": "account",
    "model": "profile"
  }
},
{
  "model": "contenttypes.contenttype",
  "pk": 2,
  "fields": {
    "app_label": "account",
    "model": "contact"
  }
},
{
  "model": "contenttypes.contenttype",
  "pk": 3,
  "fields": {
    "app_label": "admin",
    "model": "logentry"
  }
},
{
  "model": "contenttypes.contenttype",
  "pk": 4,
  "fields": {
    "app_label": "auth",
    "model": "permission"
  }
},
{
  "model": "contenttypes.contenttype",
  "pk": 5,
  "fields": {
    "app_label": "auth",
    "model": "group"
  }
},
{
  "model": "contenttypes.contenttype",
  "pk": 6,
  "fields": {
    "app_label": "auth",
    "model": "user"
  }
},
{
  "model": "contenttypes.contenttype",
  "pk": 7,
  "fields": {
    "app_label": "contenttypes",
    "model": "contenttype"
  }
},
{
  "model": "contenttypes.contenttype",
  "pk": 8,
  "fields": {
    "app_label": "sessions",
    "model": "session"
  }
},
{
  "model": "contenttypes.contenttype",
  "pk": 9,
  "fields": {
    "app_label": "sites",
    "model": "site"
  }
},
{
  "model": "contenttypes.contenttype",
  "pk": 10,
  "fields": {
    "app_label": "social_django",
    "model": "association"
  }
},
{
  "model": "contenttypes.contenttype",
  "pk": 11,
  "fields": {
    "app_label": "social_django",
    "model": "code"
  }
},
{
  "model": "contenttypes.contenttype",
  "pk": 12,
  "fields": {
    "app_label": "social_django",
    "model": "nonce"
  }
},
{
  "model": "contenttypes.contenttype",
  "pk": 13,
  "fields": {
    "app_label": "social_django",
    "model": "usersocialauth"
  }
},
{
  "model": "contenttypes.contenttype",
  "pk": 14,
  "fields": {
    "app_label": "social_django",
    "model": "partial"
  }
},
{
  "model": "contenttypes.contenttype",
  "pk": 15,
  "fields": {
    "app_label": "easy_thumbnails",
    "model": "source"
  }
},
{
  "model": "contenttypes.contenttype",
  "pk": 16,
  "fields": {
    "app_label": "easy_thumbnails",
    "model": "thumbnail"
  }
},
{
  "model": "contenttypes.contenttype",
  "pk": 17,
  "fields": {
    "app_label": "easy_thumbnails",
    "model": "thumbnaildimensions"
  }
},
{
  "model": "contenttypes.contenttype",
  "pk": 18,
  "fields": {
    "app_label": "actions",
    "model": "action"
  }
},
{
  "model": "contenttypes.contenttype",
  "pk": 19,
  "fields": {
    "app_label": "taggit",
    "model": "tag"
  }
},
{
  "model": "contenttypes.contenttype",
  "pk": 20,
  "fields": {
    "app_label": "taggit",
    "model": "taggeditem"
  }
},
{
  "model": "contenttypes.contenttype",
  "pk": 21,
  "fields": {
    "app_label": "blog",
    "model": "post"
  }
},
{
  "model": "contenttypes.contenttype",
  "pk": 22,
  "fields": {
    "app_label": "blog",
    "model": "comment"
  }
},
{
  "model": "contenttypes.contenttype",
  "pk": 23,
  "fields": {
    "app_label": "django_summernote",
    "model": "attachment"
  }
},
{
  "model": "contenttypes.contenttype",
  "pk": 24,
  "fields": {
    "app_label": "functions",
    "model": "userinteraction"
  }
},
{
  "model": "contenttypes.contenttype",
  "pk": 25,
  "fields": {
    "app_label": "shop",
    "model": "product"
  }
},
{
  "model": "contenttypes.contenttype",
  "pk": 26,
  "fields": {
    "app_label": "shop",
    "model": "category"
  }
},
{
  "model": "contenttypes.contenttype",
  "pk": 27,
  "fields": {
    "app_label": "orders",
    "model": "orderitem"
  }
},
{
  "model": "contenttypes.contenttype",
  "pk": 28,
  "fields": {
    "app_label": "orders",
    "model": "order"
  }
},
{
  "model": "contenttypes.contenttype",
  "pk": 29,
  "fields": {
    "app_label": "coupons",
    "model": "coupon"
  }
},
{
  "model": "sessions.session",
  "pk": "1z590q47ehhsehcc4flkkwvhp4w40lyw",
  "fields": {
    "session_data": ".eJxVjEEOwiAQRe_C2pAZLBRduvcMBJgZqRpISrsy3l2bdKHb_977LxXiupSwdp7DROqsUB1-txTzg-sG6B7rrenc6jJPSW-K3mnX10b8vOzu30GJvXxrI9mMSITgcIiIyRMDePFE5iTACGjFyZhytlbA-0gDi0l8BEces3p_AOghOE4:1sHnLA:MAQJliZUJXj0SpdUZGPi_hj0uumVjvxFXkpkftyD5qk",
    "expire_date": "2024-06-27T16:30:20.403Z"
  }
},
{
  "model": "sessions.session",
  "pk": "7gx56pcgwuabepyxys0pwl1vbma2e3ug",
  "fields": {
    "session_data": ".eJxVjMsOwiAQRf-FtSGUxyAu3fsNZGAGqRqalHZl_HfbpAvd3nPOfYuI61Lj2nmOI4mLcOL0uyXMT247oAe2-yTz1JZ5THJX5EG7vE3Er-vh_h1U7HWrvQY3eIXgSyGgAiGUIZmswGg050Re20DFBbTM1mV2BnXRavOMA8Pi8wXbGzeO:1sLnXR:wQfw3UFvg99jAahmGzVdCcYSubmOMjoQP4OqiQjzlc4",
    "expire_date": "2024-07-08T17:31:33.731Z"
  }
},
{
  "model": "sessions.session",
  "pk": "7oot4ndqxttyoos1qkpr1phn66fpzpgv",
  "fields": {
    "session_data": "eyJjYXJ0Ijp7fX0:1sMJsy:e8fmXUtODqUyo0w7JQJua8LeG655TE3B7ik_faHv0lg",
    "expire_date": "2024-07-10T04:03:56.859Z"
  }
},
{
  "model": "sessions.session",
  "pk": "b6xsc94vks28ivlnz1io7a8nmvei1c38",
  "fields": {
    "session_data": ".eJxVjrEOgzAMRP8lM4rsFELasXu_ATm2U2grIgWYEP9ekBja9d7d062mo2Xuu2XS0g1ibgZN9ZtF4reOB5AXjc9sOY9zGaI9Kvakk31k0c_97P4Jepr6fe0SuxZFEDzWhBiDKEBIQcRdEygCNsmnNjI3TYIQSGpNLuoFvATkXZqLnCfRV4apzOa2btsXiYY_8w:1sMHDK:shmBXgzntvXKLhipuAGmM-ZO9fmmLVOrlPlQNt21Y74",
    "expire_date": "2024-07-10T01:12:46.523Z"
  }
},
{
  "model": "sessions.session",
  "pk": "c3pig2vvfvffbjckuc4tiochj0wpqr3u",
  "fields": {
    "session_data": ".eJxVjMsOwiAQRf-FtSE8ZACX7vsNZGCmUjU0Ke3K-O_apAvd3nPOfYmE21rT1nlJE4mLMOL0u2UsD247oDu22yzL3NZlynJX5EG7HGbi5_Vw_w4q9vqtnSeMOo6OtIbCwerzyAW8t1yUpexsAJWNR7Y-avAuEBWTySmMFgDE-wPdqTeD:1sE4W0:qcx7xDfah45rePjRJJZr288rtaD1oxzrx3vynpzmEU8",
    "expire_date": "2024-06-17T10:02:08.455Z"
  }
},
{
  "model": "sessions.session",
  "pk": "d3qb8zqget3xuw8t2pu65b208hlc06sv",
  "fields": {
    "session_data": ".eJxVjEEOwiAQRe_C2pAZLBRduvcMBJgZqRpISrsy3l2bdKHb_977LxXiupSwdp7DROqsUB1-txTzg-sG6B7rrenc6jJPSW-K3mnX10b8vOzu30GJvXxrI9mMSITgcIiIyRMDePFE5iTACGjFyZhytlbA-0gDi0l8BEces3p_AOghOE4:1sDIVs:YAVTDbTWK5-Esj-KWyregjxEeQtdb4sLVprpBdkyX6c",
    "expire_date": "2024-06-15T06:46:48.176Z"
  }
},
{
  "model": "sessions.session",
  "pk": "gdl91nr8x0roxsa17sbl91xsl36mboow",
  "fields": {
    "session_data": ".eJxVjMsOwiAQRf-FtSE8ZACX7vsNZGCmUjU0Ke3K-O_apAvd3nPOfYmE21rT1nlJE4mLMOL0u2UsD247oDu22yzL3NZlynJX5EG7HGbi5_Vw_w4q9vqtnSeMOo6OtIbCwerzyAW8t1yUpexsAJWNR7Y-avAuEBWTySmMFgDE-wPdqTeD:1sDPH5:7UaRMA-yKxoqKDTAx5uKD5NUTi6vTV9tUUpZ5ouzgnM",
    "expire_date": "2024-06-15T13:59:59.364Z"
  }
},
{
  "model": "sessions.session",
  "pk": "iltgj3vcl87v2mittb5ubmbyqjds7n7w",
  "fields": {
    "session_data": ".eJxVjEEOwiAQRe_C2pAZLBRduvcMBJgZqRpISrsy3l2bdKHb_977LxXiupSwdp7DROqsUB1-txTzg-sG6B7rrenc6jJPSW-K3mnX10b8vOzu30GJvXxrI9mMSITgcIiIyRMDePFE5iTACGjFyZhytlbA-0gDi0l8BEces3p_AOghOE4:1sE8Yf:_u0VNBwklJOms_AAjKzLAoju7cZdVYIaphm_kFMRJb8",
    "expire_date": "2024-06-17T14:21:09.066Z"
  }
},
{
  "model": "sessions.session",
  "pk": "luqftjx8c83w169qbiadbc2t384rvu7w",
  "fields": {
    "session_data": ".eJxVjEEOwiAQRe_C2pAZLBRduvcMBJgZqRpISrsy3l2bdKHb_977LxXiupSwdp7DROqsUB1-txTzg-sG6B7rrenc6jJPSW-K3mnX10b8vOzu30GJvXxrI9mMSITgcIiIyRMDePFE5iTACGjFyZhytlbA-0gDi0l8BEces3p_AOghOE4:1sFBbZ:wGnW77OytS7Ri6Y7BZqeWse2ah7IqZ-6XPBNGZ7VvT8",
    "expire_date": "2024-06-20T11:48:29.519Z"
  }
},
{
  "model": "sessions.session",
  "pk": "lz1mmwyj26clcdnvpkno6by26ojjquz0",
  "fields": {
    "session_data": ".eJxVjMsOwiAQRf-FtSE8ZACX7vsNZGCmUjU0Ke3K-O_apAvd3nPOfYmE21rT1nlJE4mLMOL0u2UsD247oDu22yzL3NZlynJX5EG7HGbi5_Vw_w4q9vqtnSeMOo6OtIbCwerzyAW8t1yUpexsAJWNR7Y-avAuEBWTySmMFgDE-wPdqTeD:1sH4UG:nFNDCwQKpMUQOU7N83iFPj8eoTG0pD59LiB28v_l2cE",
    "expire_date": "2024-06-25T16:36:44.168Z"
  }
},
{
  "model": "sessions.session",
  "pk": "mn8ttzu187nrxfvssu00rgohhut6z7qf",
  "fields": {
    "session_data": ".eJxVjr0OgzAQg98lM4pyKT8pY_c-A7rcXQptlaAAE-LdCypDO9r-bHlVHS5z3y2T5G5g1SpQxa_nkV4Sj4CfGB9JU4pzHrw-EH2mk74nlvftZP8Gepz6vW0D2QaYwdRQIoB3LMa44JjtNRgBA1WoQ-OJqioY55BLCdbLxdTsgPbRlPk8CWWhKC1jil-5K8yzatdt-wAp7ESM:1sM9s9:cI0dYETuM2A1fXhMtVNMMUtVzTvFtL85MHB0unU1uqA",
    "expire_date": "2024-07-09T17:22:25.441Z"
  }
},
{
  "model": "sessions.session",
  "pk": "mwwo7biwrzhcttu77klqhw4czt9njge5",
  "fields": {
    "session_data": ".eJxVjEEOwiAQRe_C2pAZLBRduvcMBJgZqRpISrsy3l2bdKHb_977LxXiupSwdp7DROqsUB1-txTzg-sG6B7rrenc6jJPSW-K3mnX10b8vOzu30GJvXxrI9mMSITgcIiIyRMDePFE5iTACGjFyZhytlbA-0gDi0l8BEces3p_AOghOE4:1sA6Ws:n5kohRKTCW6-76rP4aBNO4cRVmZamDrSElOAX6AeDr0",
    "expire_date": "2024-06-06T11:22:38.109Z"
  }
},
{
  "model": "sessions.session",
  "pk": "n2bw6nvx34i4fg24fsm4ul0lbv50rjyt",
  "fields": {
    "session_data": ".eJxVjEEOwiAQRe_C2pACHVpcuvcMZJjpSNVAUtqV8e7apAvd_vfef6mI25rj1qYlzqzOyqnT75aQHlPZAd-x3KqmWtZlTnpX9EGbvlaenpfD_TvI2PK3xgCmTwF7AfGShhGMI_GdpZFtJ-KHEJglADgy1BlG9GyQwXqihKDeH-_qOJQ:1sDPKQ:GLeWXhudHo4dhsXJa2ygkewdijSrd-NNHgTVWRazn6s",
    "expire_date": "2024-06-15T14:03:26.482Z"
  }
},
{
  "model": "sessions.session",
  "pk": "npuh4tm5q2s4ord8953pksu1vvnui99j",
  "fields": {
    "session_data": ".eJxVjEEOwiAQRe_C2pAZLBRduvcMBJgZqRpISrsy3l2bdKHb_977LxXiupSwdp7DROqsUB1-txTzg-sG6B7rrenc6jJPSW-K3mnX10b8vOzu30GJvXxrI9mMSITgcIiIyRMDePFE5iTACGjFyZhytlbA-0gDi0l8BEces3p_AOghOE4:1sE1MB:VPj6TNUjg84jhFj_-S1EuP3F91JpiQ8M_tyq-cMTdc8",
    "expire_date": "2024-06-17T06:39:47.397Z"
  }
},
{
  "model": "sessions.session",
  "pk": "nrtyvfmdq8xvr12gxtu8y0hya15vrn3a",
  "fields": {
    "session_data": ".eJxVjEEOwiAQRe_C2pAZLBRduvcMBJgZqRpISrsy3l2bdKHb_977LxXiupSwdp7DROqsUB1-txTzg-sG6B7rrenc6jJPSW-K3mnX10b8vOzu30GJvXxrI9mMSITgcIiIyRMDePFE5iTACGjFyZhytlbA-0gDi0l8BEces3p_AOghOE4:1sKTjH:y7JNYlSz0MzsecuVnT2_XY3NhP7iolGkGYexsetl2ro",
    "expire_date": "2024-07-05T02:10:19.534Z"
  }
},
{
  "model": "sessions.session",
  "pk": "p9piq88ssil8hcziz2tgplpf4igymg68",
  "fields": {
    "session_data": ".eJxVjMsOwiAURH-FsDYNt_aBXbr3C4xpgHsRrEKENo0x_rtt0oVuZjFz5rx5r6bR9VOm1HvkHQe---20MgOFdcCbCtdYmBjG5HWxIsW25uIUke7Hjf0TOJXd8i6tKVtABNFApQC0RBJCWolYHqwgEFDbxrbamLq2QkqFFdlS0140KMEs0udEefQxZN6d-Zz8SMzFB80xDczGxChn9WI-MOUX2m1x-XwBtkFLpQ:1sFO3p:JtAwrEEFxOTLCTBldJ1UrAxhO3GFTPtNgYrtCBBVb24",
    "expire_date": "2024-06-21T01:06:29.231Z"
  }
},
{
  "model": "sessions.session",
  "pk": "u9j6dfuic1ytrm2128nljvcsq9lbbtfe",
  "fields": {
    "session_data": ".eJxVjEEOwiAQRe_C2pAZLBRduvcMBJgZqRpISrsy3l2bdKHb_977LxXiupSwdp7DROqsUB1-txTzg-sG6B7rrenc6jJPSW-K3mnX10b8vOzu30GJvXxrI9mMSITgcIiIyRMDePFE5iTACGjFyZhytlbA-0gDi0l8BEces3p_AOghOE4:1sA6SZ:4nLL8Avjgq0D4pY9vaF4M4XymldB_9S7ECaWITkHiAE",
    "expire_date": "2024-06-06T11:18:11.931Z"
  }
},
{
  "model": "sessions.session",
  "pk": "zew4rtpuizxjxds07pfls8oix08dvo71",
  "fields": {
    "session_data": ".eJxVjEEOwiAQRe_C2pAZLBRduvcMBJgZqRpISrsy3l2bdKHb_977LxXiupSwdp7DROqsUB1-txTzg-sG6B7rrenc6jJPSW-K3mnX10b8vOzu30GJvXxrI9mMSITgcIiIyRMDePFE5iTACGjFyZhytlbA-0gDi0l8BEces3p_AOghOE4:1sJZLm:Ua7c-9iITO_3RXu_nb3dW4n__nHBQ7ytL-XJhbhFKWA",
    "expire_date": "2024-07-02T13:58:18.749Z"
  }
},
{
  "model": "sessions.session",
  "pk": "zk3yv5t0g41ofzh9r2o2uu36cdiprg26",
  "fields": {
    "session_data": ".eJxVz8EOgjAMBuB36Zks7RQcHL37DGRrN0HNhjAOxvjugpqolx76f23TO7R2zl07T35se4EGCIrfnrN89nEN5GTjMSlOMY-9UytRn3RShyT-sv_YvwWdnbplWgfWOxIhrGhriZwRj2iCEdF1QE9IZajCzjGXZUBjrGx90M5vsBJDvCxlO2Zo7rBZy3W2Mff5Bo0pYBh79uuRulaI8ChA_xv9NeWbLIbTPKT4-poeT643VEY:1sMAlb:6ZpqkIkL3eIFp6K7PnjuAug4Ci378aX20VLrzy8vzcY",
    "expire_date": "2024-07-09T18:19:43.558Z"
  }
},
{
  "model": "sites.site",
  "pk": 1,
  "fields": {
    "domain": "example.com",
    "name": "example.com"
  }
},
{
  "model": "easy_thumbnails.source",
  "pk": 1,
  "fields": {
    "storage_hash": "0d677af76ca5bf5575d614e04932c3a4",
    "name": "users/2024/06/01/IMG_20221005_102906_1.jpg",
    "modified": "2024-06-01T14:02:35.284Z"
  }
},
{
  "model": "easy_thumbnails.thumbnail",
  "pk": 1,
  "fields": {
    "storage_hash": "d26becbf46ac48eda79c7a39a13a02dd",
    "name": "users/2024/06/01\\IMG_20221005_102906_1.jpg.80x80_q85_crop-100%.jpg",
    "modified": "2024-06-01T13:56:41.557Z",
    "source": 1
  }
},
{
  "model": "easy_thumbnails.thumbnail",
  "pk": 2,
  "fields": {
    "storage_hash": "d26becbf46ac48eda79c7a39a13a02dd",
    "name": "users/2024/06/01\\IMG_20221005_102906_1.jpg.180x180_q85.jpg",
    "modified": "2024-06-01T14:02:35.303Z",
    "source": 1
  }
},
{
  "model": "actions.action",
  "pk": 1,
  "fields": {
    "user": 2,
    "verb": "has created an account",
    "created": "2024-06-01T13:46:35.438Z",
    "target_ct": null,
    "target_id": null
  }
},
{
  "model": "actions.action",
  "pk": 2,
  "fields": {
    "user": 3,
    "verb": "has created an account",
    "created": "2024-06-01T14:03:15.824Z",
    "target_ct": null,
    "target_id": null
  }
},
{
  "model": "actions.action",
  "pk": 3,
  "fields": {
    "user": 4,
    "verb": "has created an account",
    "created": "2024-06-24T17:11:00.967Z",
    "target_ct": null,
    "target_id": null
  }
},
{
  "model": "actions.action",
  "pk": 4,
  "fields": {
    "user": 5,
    "verb": "has created an account",
    "created": "2024-06-24T17:15:17.442Z",
    "target_ct": null,
    "target_id": null
  }
},
{
  "model": "taggit.tag",
  "pk": 1,
  "fields": {
    "name": "science",
    "slug": "science"
  }
},
{
  "model": "taggit.tag",
  "pk": 2,
  "fields": {
    "name": "e",
    "slug": "e"
  }
},
{
  "model": "taggit.tag",
  "pk": 3,
  "fields": {
    "name": "t",
    "slug": "t"
  }
},
{
  "model": "taggit.tag",
  "pk": 4,
  "fields": {
    "name": "s",
    "slug": "s"
  }
},
{
  "model": "taggit.tag",
  "pk": 5,
  "fields": {
    "name": "k",
    "slug": "k"
  }
},
{
  "model": "taggit.tag",
  "pk": 6,
  "fields": {
    "name": "c",
    "slug": "c"
  }
},
{
  "model": "taggit.tag",
  "pk": 7,
  "fields": {
    "name": " ",
    "slug": ""
  }
},
{
  "model": "taggit.tag",
  "pk": 8,
  "fields": {
    "name": "h",
    "slug": "h"
  }
},
{
  "model": "taggit.tag",
  "pk": 9,
  "fields": {
    "name": ",",
    "slug": "_1"
  }
},
{
  "model": "taggit.tag",
  "pk": 10,
  "fields": {
    "name": "test",
    "slug": "test"
  }
},
{
  "model": "taggit.tag",
  "pk": 11,
  "fields": {
    "name": "check",
    "slug": "check"
  }
},
{
  "model": "taggit.tag",
  "pk": 12,
  "fields": {
    "name": "fdfd",
    "slug": "fdfd"
  }
},
{
  "model": "taggit.tag",
  "pk": 13,
  "fields": {
    "name": "editor",
    "slug": "editor"
  }
},
{
  "model": "taggit.tag",
  "pk": 14,
  "fields": {
    "name": "health",
    "slug": "health"
  }
},
{
  "model": "taggit.tag",
  "pk": 15,
  "fields": {
    "name": "yoga",
    "slug": "yoga"
  }
},
{
  "model": "taggit.tag",
  "pk": 16,
  "fields": {
    "name": "Philosophy",
    "slug": "philosophy"
  }
},
{
  "model": "taggit.tag",
  "pk": 17,
  "fields": {
    "name": "sleep",
    "slug": "sleep"
  }
},
{
  "model": "taggit.tag",
  "pk": 18,
  "fields": {
    "name": "Evolution",
    "slug": "evolution"
  }
},
{
  "model": "taggit.tag",
  "pk": 19,
  "fields": {
    "name": "try",
    "slug": "try"
  }
},
{
  "model": "taggit.tag",
  "pk": 20,
  "fields": {
    "name": "self",
    "slug": "self"
  }
},
{
  "model": "taggit.tag",
  "pk": 21,
  "fields": {
    "name": "life",
    "slug": "life"
  }
},
{
  "model": "taggit.taggeditem",
  "pk": 1,
  "fields": {
    "tag": 1,
    "content_type": 21,
    "object_id": 1
  }
},
{
  "model": "taggit.taggeditem",
  "pk": 10,
  "fields": {
    "tag": 10,
    "content_type": 21,
    "object_id": 2
  }
},
{
  "model": "taggit.taggeditem",
  "pk": 11,
  "fields": {
    "tag": 2,
    "content_type": 21,
    "object_id": 3
  }
},
{
  "model": "taggit.taggeditem",
  "pk": 12,
  "fields": {
    "tag": 3,
    "content_type": 21,
    "object_id": 3
  }
},
{
  "model": "taggit.taggeditem",
  "pk": 13,
  "fields": {
    "tag": 4,
    "content_type": 21,
    "object_id": 3
  }
},
{
  "model": "taggit.taggeditem",
  "pk": 14,
  "fields": {
    "tag": 10,
    "content_type": 21,
    "object_id": 4
  }
},
{
  "model": "taggit.taggeditem",
  "pk": 15,
  "fields": {
    "tag": 11,
    "content_type": 21,
    "object_id": 4
  }
},
{
  "model": "taggit.taggeditem",
  "pk": 16,
  "fields": {
    "tag": 12,
    "content_type": 21,
    "object_id": 5
  }
},
{
  "model": "taggit.taggeditem",
  "pk": 17,
  "fields": {
    "tag": 11,
    "content_type": 21,
    "object_id": 9
  }
},
{
  "model": "taggit.taggeditem",
  "pk": 19,
  "fields": {
    "tag": 12,
    "content_type": 21,
    "object_id": 11
  }
},
{
  "model": "taggit.taggeditem",
  "pk": 20,
  "fields": {
    "tag": 12,
    "content_type": 21,
    "object_id": 12
  }
},
{
  "model": "taggit.taggeditem",
  "pk": 21,
  "fields": {
    "tag": 10,
    "content_type": 21,
    "object_id": 13
  }
},
{
  "model": "taggit.taggeditem",
  "pk": 22,
  "fields": {
    "tag": 11,
    "content_type": 21,
    "object_id": 13
  }
},
{
  "model": "taggit.taggeditem",
  "pk": 23,
  "fields": {
    "tag": 11,
    "content_type": 21,
    "object_id": 14
  }
},
{
  "model": "taggit.taggeditem",
  "pk": 25,
  "fields": {
    "tag": 1,
    "content_type": 21,
    "object_id": 16
  }
},
{
  "model": "taggit.taggeditem",
  "pk": 26,
  "fields": {
    "tag": 14,
    "content_type": 21,
    "object_id": 16
  }
},
{
  "model": "taggit.taggeditem",
  "pk": 27,
  "fields": {
    "tag": 15,
    "content_type": 21,
    "object_id": 16
  }
},
{
  "model": "taggit.taggeditem",
  "pk": 28,
  "fields": {
    "tag": 16,
    "content_type": 21,
    "object_id": 17
  }
},
{
  "model": "taggit.taggeditem",
  "pk": 29,
  "fields": {
    "tag": 17,
    "content_type": 21,
    "object_id": 17
  }
},
{
  "model": "taggit.taggeditem",
  "pk": 30,
  "fields": {
    "tag": 18,
    "content_type": 21,
    "object_id": 17
  }
},
{
  "model": "taggit.taggeditem",
  "pk": 31,
  "fields": {
    "tag": 14,
    "content_type": 21,
    "object_id": 17
  }
},
{
  "model": "taggit.taggeditem",
  "pk": 32,
  "fields": {
    "tag": 11,
    "content_type": 21,
    "object_id": 18
  }
},
{
  "model": "taggit.taggeditem",
  "pk": 33,
  "fields": {
    "tag": 19,
    "content_type": 21,
    "object_id": 19
  }
},
{
  "model": "taggit.taggeditem",
  "pk": 34,
  "fields": {
    "tag": 11,
    "content_type": 21,
    "object_id": 20
  }
},
{
  "model": "taggit.taggeditem",
  "pk": 35,
  "fields": {
    "tag": 20,
    "content_type": 21,
    "object_id": 20
  }
},
{
  "model": "taggit.taggeditem",
  "pk": 36,
  "fields": {
    "tag": 21,
    "content_type": 1,
    "object_id": 4
  }
},
{
  "model": "taggit.taggeditem",
  "pk": 37,
  "fields": {
    "tag": 14,
    "content_type": 1,
    "object_id": 4
  }
},
{
  "model": "blog.post",
  "pk": 1,
  "fields": {
    "title": "First blog",
    "slug": "first-blog",
    "publish": "2024-06-01T11:38:00Z",
    "created": "2024-06-01T11:38:15.531Z",
    "updated": "2024-06-01T11:38:15.531Z",
    "body": "blog here",
    "author": 1,
    "status": "PB"
  }
},
{
  "model": "blog.post",
  "pk": 2,
  "fields": {
    "title": "Hello there",
    "slug": "check",
    "publish": "2024-06-03T06:52:36Z",
    "created": "2024-06-03T06:50:56.569Z",
    "updated": "2024-06-03T06:53:43.451Z",
    "body": "hey",
    "author": 1,
    "status": "PB"
  }
},
{
  "model": "blog.post",
  "pk": 3,
  "fields": {
    "title": "checking",
    "slug": "check",
    "publish": "2024-06-03T06:54:43.323Z",
    "created": "2024-06-03T06:54:43.323Z",
    "updated": "2024-06-03T06:54:43.323Z",
    "body": "hi",
    "author": 2,
    "status": "PB"
  }
},
{
  "model": "blog.post",
  "pk": 4,
  "fields": {
    "title": "second one",
    "slug": "second",
    "publish": "2024-06-03T06:57:31.100Z",
    "created": "2024-06-03T06:57:31.099Z",
    "updated": "2024-06-03T06:57:31.099Z",
    "body": "checking for the second time",
    "author": 2,
    "status": "PB"
  }
},
{
  "model": "blog.post",
  "pk": 5,
  "fields": {
    "title": "fd",
    "slug": "fdf",
    "publish": "2024-06-03T06:58:06.941Z",
    "created": "2024-06-03T06:58:06.940Z",
    "updated": "2024-06-03T06:58:06.940Z",
    "body": "fdfd",
    "author": 2,
    "status": "PB"
  }
},
{
  "model": "blog.post",
  "pk": 8,
  "fields": {
    "title": "hie",
    "slug": "hie",
    "publish": "2024-06-03T07:07:56.596Z",
    "created": "2024-06-03T07:07:56.596Z",
    "updated": "2024-06-03T07:07:56.596Z",
    "body": "fd",
    "author": 2,
    "status": "PB"
  }
},
{
  "model": "blog.post",
  "pk": 9,
  "fields": {
    "title": "Lets go",
    "slug": "hello-there",
    "publish": "2024-06-03T07:17:22.201Z",
    "created": "2024-06-03T07:17:22.201Z",
    "updated": "2024-06-03T07:17:22.201Z",
    "body": "fdf",
    "author": 1,
    "status": "PB"
  }
},
{
  "model": "blog.post",
  "pk": 11,
  "fields": {
    "title": "fdfd fdf",
    "slug": "fdfd-fdf",
    "publish": "2024-06-03T07:26:59.521Z",
    "created": "2024-06-03T07:26:59.520Z",
    "updated": "2024-06-03T07:26:59.520Z",
    "body": "fdfdds",
    "author": 2,
    "status": "PB"
  }
},
{
  "model": "blog.post",
  "pk": 12,
  "fields": {
    "title": "fd",
    "slug": "fd",
    "publish": "2024-06-03T07:29:47.794Z",
    "created": "2024-06-03T07:29:47.793Z",
    "updated": "2024-06-03T07:29:47.793Z",
    "body": "fdfd",
    "author": 2,
    "status": "PB"
  }
},
{
  "model": "blog.post",
  "pk": 13,
  "fields": {
    "title": "cek",
    "slug": "cek",
    "publish": "2024-06-03T07:39:24.513Z",
    "created": "2024-06-03T07:39:24.512Z",
    "updated": "2024-06-03T07:39:24.512Z",
    "body": "df *check* \r\nhello\r\n#check",
    "author": 2,
    "status": "PB"
  }
},
{
  "model": "blog.post",
  "pk": 14,
  "fields": {
    "title": "checking",
    "slug": "checking",
    "publish": "2024-06-03T07:46:41.465Z",
    "created": "2024-06-03T07:46:41.464Z",
    "updated": "2024-06-03T07:46:41.465Z",
    "body": "fd fddf *hu*",
    "author": 2,
    "status": "PB"
  }
},
{
  "model": "blog.post",
  "pk": 16,
  "fields": {
    "title": "Why Kriya Yoga? A Scientific Approach to Spiritual Enlightenment",
    "slug": "why-kriya-yoga-a-scientific-approach-to-spiritual-enlightenment",
    "publish": "2024-06-03T07:56:58Z",
    "created": "2024-06-03T07:56:58.380Z",
    "updated": "2024-06-03T08:48:01.656Z",
    "body": "<p id=\"e8f5\" class=\"pw-post-body-paragraph abb abc wy lu b abd abe abf abg abh abi abj abk le abl abm abn lj abo abp abq lo abr abs abt abu id bq\" data-selectable-paragraph=\"\" style=\"box-sizing: inherit; margin-top: 2.14em; margin-bottom: -0.46em; color: rgb(36, 36, 36); word-break: break-word; font-family: source-serif-pro, Georgia, Cambria, &quot;Times New Roman&quot;, Times, serif; line-height: 32px; letter-spacing: -0.003em; font-size: 20px;\">Kriya Yoga, a profound practice with roots stretching back through time, offers a systematic path to spiritual awakening. This discipline, deeply embedded in the sacred scriptures of yoga, provides a methodical approach to activating the latent energies within, leading to deep self-realization and enlightenment.</p><figure class=\"abw abx aby abz aca acb kd ke paragraph-image\" style=\"box-sizing: inherit; margin-top: 56px; margin-right: auto; margin-left: auto; clear: both; color: rgba(0, 0, 0, 0.8); font-family: medium-content-sans-serif-font, -apple-system, BlinkMacSystemFont, &quot;Segoe UI&quot;, Roboto, Oxygen, Ubuntu, Cantarell, &quot;Open Sans&quot;, &quot;Helvetica Neue&quot;, sans-serif; font-size: medium;\"><div role=\"button\" tabindex=\"0\" class=\"acc acd by ace bn acf\" style=\"box-sizing: inherit; width: 680px; position: relative; cursor: zoom-in; z-index: auto; transition: transform 300ms cubic-bezier(0.2, 0, 0.2, 1) 0s;\"><div class=\"kd ke abv\" style=\"box-sizing: inherit; margin-left: auto; margin-right: auto; max-width: 1024px;\"><picture style=\"box-sizing: inherit;\"><source srcset=\"https://miro.medium.com/v2/resize:fit:640/format:webp/1*EwJ8sm-Sq0LyuHzC2fMJtg.jpeg 640w, https://miro.medium.com/v2/resize:fit:720/format:webp/1*EwJ8sm-Sq0LyuHzC2fMJtg.jpeg 720w, https://miro.medium.com/v2/resize:fit:750/format:webp/1*EwJ8sm-Sq0LyuHzC2fMJtg.jpeg 750w, https://miro.medium.com/v2/resize:fit:786/format:webp/1*EwJ8sm-Sq0LyuHzC2fMJtg.jpeg 786w, https://miro.medium.com/v2/resize:fit:828/format:webp/1*EwJ8sm-Sq0LyuHzC2fMJtg.jpeg 828w, https://miro.medium.com/v2/resize:fit:1100/format:webp/1*EwJ8sm-Sq0LyuHzC2fMJtg.jpeg 1100w, https://miro.medium.com/v2/resize:fit:1400/format:webp/1*EwJ8sm-Sq0LyuHzC2fMJtg.jpeg 1400w\" sizes=\"(min-resolution: 4dppx) and (max-width: 700px) 50vw, (-webkit-min-device-pixel-ratio: 4) and (max-width: 700px) 50vw, (min-resolution: 3dppx) and (max-width: 700px) 67vw, (-webkit-min-device-pixel-ratio: 3) and (max-width: 700px) 65vw, (min-resolution: 2.5dppx) and (max-width: 700px) 80vw, (-webkit-min-device-pixel-ratio: 2.5) and (max-width: 700px) 80vw, (min-resolution: 2dppx) and (max-width: 700px) 100vw, (-webkit-min-device-pixel-ratio: 2) and (max-width: 700px) 100vw, 700px\" type=\"image/webp\" style=\"box-sizing: inherit;\"><source data-testid=\"og\" srcset=\"https://miro.medium.com/v2/resize:fit:640/1*EwJ8sm-Sq0LyuHzC2fMJtg.jpeg 640w, https://miro.medium.com/v2/resize:fit:720/1*EwJ8sm-Sq0LyuHzC2fMJtg.jpeg 720w, https://miro.medium.com/v2/resize:fit:750/1*EwJ8sm-Sq0LyuHzC2fMJtg.jpeg 750w, https://miro.medium.com/v2/resize:fit:786/1*EwJ8sm-Sq0LyuHzC2fMJtg.jpeg 786w, https://miro.medium.com/v2/resize:fit:828/1*EwJ8sm-Sq0LyuHzC2fMJtg.jpeg 828w, https://miro.medium.com/v2/resize:fit:1100/1*EwJ8sm-Sq0LyuHzC2fMJtg.jpeg 1100w, https://miro.medium.com/v2/resize:fit:1400/1*EwJ8sm-Sq0LyuHzC2fMJtg.jpeg 1400w\" sizes=\"(min-resolution: 4dppx) and (max-width: 700px) 50vw, (-webkit-min-device-pixel-ratio: 4) and (max-width: 700px) 50vw, (min-resolution: 3dppx) and (max-width: 700px) 67vw, (-webkit-min-device-pixel-ratio: 3) and (max-width: 700px) 65vw, (min-resolution: 2.5dppx) and (max-width: 700px) 80vw, (-webkit-min-device-pixel-ratio: 2.5) and (max-width: 700px) 80vw, (min-resolution: 2dppx) and (max-width: 700px) 100vw, (-webkit-min-device-pixel-ratio: 2) and (max-width: 700px) 100vw, 700px\" style=\"box-sizing: inherit;\"><img alt=\"\" class=\"bn zm acg c\" width=\"700\" height=\"700\" loading=\"eager\" role=\"presentation\" src=\"https://miro.medium.com/v2/resize:fit:875/1*EwJ8sm-Sq0LyuHzC2fMJtg.jpeg\" style=\"box-sizing: inherit; width: 680px; max-width: 100%; height: auto;\"></picture></div></div></figure><h1 id=\"9025\" class=\"ach aci wy am acj sr ack ss ky su acl sv ld re acm rf ri sy acn sz tb tc aco td tf acp bq\" data-selectable-paragraph=\"\" style=\"box-sizing: inherit; margin-top: 1.95em; margin-bottom: -0.28em; font-family: sohne, &quot;Helvetica Neue&quot;, Helvetica, Arial, sans-serif; color: rgb(36, 36, 36); line-height: 30px; letter-spacing: -0.016em; font-weight: 600; font-size: 24px;\">The Philosophical Underpinnings of Kriya Yoga</h1><p id=\"3595\" class=\"pw-post-body-paragraph abb abc wy lu b abd acq abf abg abh acr abj abk le acs abm abn lj act abp abq lo acu abs abt abu id bq\" data-selectable-paragraph=\"\" style=\"box-sizing: inherit; margin-top: 0.94em; margin-bottom: -0.46em; color: rgb(36, 36, 36); word-break: break-word; font-family: source-serif-pro, Georgia, Cambria, &quot;Times New Roman&quot;, Times, serif; line-height: 32px; letter-spacing: -0.003em; font-size: 20px;\">Kriya Yoga is a sophisticated blend of specific techniques that amplify the bodys energy flow. It is an all-encompassing system that integrates&nbsp;<span class=\"lu gl\" style=\"box-sizing: inherit; font-weight: 700;\">pranayama</span>&nbsp;(breath control),&nbsp;<span class=\"lu gl\" style=\"box-sizing: inherit; font-weight: 700;\">dhyana</span>&nbsp;(meditation), and&nbsp;<span class=\"lu gl\" style=\"box-sizing: inherit; font-weight: 700;\">mantra</span>&nbsp;(sacred sounds), leading to an elevated state of consciousness.</p><blockquote class=\"acv acw acx\" style=\"box-sizing: inherit; margin-bottom: 0px; margin-left: -20px; box-shadow: rgb(36, 36, 36) 3px 0px 0px 0px inset; padding-left: 23px; color: rgba(0, 0, 0, 0.8); font-family: medium-content-sans-serif-font, -apple-system, BlinkMacSystemFont, &quot;Segoe UI&quot;, Roboto, Oxygen, Ubuntu, Cantarell, &quot;Open Sans&quot;, &quot;Helvetica Neue&quot;, sans-serif; font-size: medium;\"><p id=\"488b\" class=\"abb abc acy lu b abd abe abf abg abh abi abj abk le abl abm abn lj abo abp abq lo abr abs abt abu id bq\" data-selectable-paragraph=\"\" style=\"box-sizing: inherit; margin-top: 2.14em; margin-bottom: -0.46em; color: rgb(36, 36, 36); word-break: break-word; font-family: source-serif-pro, Georgia, Cambria, &quot;Times New Roman&quot;, Times, serif; line-height: 32px; letter-spacing: -0.003em; font-style: italic; font-size: 20px;\"><span class=\"wy\" style=\"box-sizing: inherit; font-style: normal;\">The Kriya Yogi mentally directs his life energy to revolve, upward and downward, around the six spinal centers which correspond to the twelve astral signs of the zodiac.  Paramahansa Yogananda</span><a class=\"az acz\" href=\"https://www.goodreads.com/list/show/75394.Kriya_Yoga\" rel=\"noopener ugc nofollow\" target=\"_blank\" style=\"box-sizing: inherit; color: inherit; text-decoration-line: underline; -webkit-tap-highlight-color: transparent;\"><span class=\"wy\" style=\"box-sizing: inherit; font-style: normal;\">1</span></a></p></blockquote><h1 id=\"376e\" class=\"ach aci wy am acj sr ack ss ky su acl sv ld re acm rf ri sy acn sz tb tc aco td tf acp bq\" data-selectable-paragraph=\"\" style=\"box-sizing: inherit; margin-top: 1.95em; margin-bottom: -0.28em; font-family: sohne, &quot;Helvetica Neue&quot;, Helvetica, Arial, sans-serif; color: rgb(36, 36, 36); line-height: 30px; letter-spacing: -0.016em; font-weight: 600; font-size: 24px;\">Insights from the Masters</h1><figure class=\"abw abx aby abz aca acb kd ke paragraph-image\" style=\"box-sizing: inherit; margin-top: 56px; margin-right: auto; margin-left: auto; clear: both; color: rgba(0, 0, 0, 0.8); font-family: medium-content-sans-serif-font, -apple-system, BlinkMacSystemFont, &quot;Segoe UI&quot;, Roboto, Oxygen, Ubuntu, Cantarell, &quot;Open Sans&quot;, &quot;Helvetica Neue&quot;, sans-serif; font-size: medium;\"><div role=\"button\" tabindex=\"0\" class=\"acc acd by ace bn acf\" style=\"box-sizing: inherit; width: 680px; position: relative; cursor: zoom-in; z-index: auto; transition: transform 300ms cubic-bezier(0.2, 0, 0.2, 1) 0s;\"><div class=\"kd ke abv\" style=\"box-sizing: inherit; margin-left: auto; margin-right: auto; max-width: 1024px;\"><picture style=\"box-sizing: inherit;\"><source srcset=\"https://miro.medium.com/v2/resize:fit:640/format:webp/1*DUAfuxzp65Ex5p5nCaO-oQ.jpeg 640w, https://miro.medium.com/v2/resize:fit:720/format:webp/1*DUAfuxzp65Ex5p5nCaO-oQ.jpeg 720w, https://miro.medium.com/v2/resize:fit:750/format:webp/1*DUAfuxzp65Ex5p5nCaO-oQ.jpeg 750w, https://miro.medium.com/v2/resize:fit:786/format:webp/1*DUAfuxzp65Ex5p5nCaO-oQ.jpeg 786w, https://miro.medium.com/v2/resize:fit:828/format:webp/1*DUAfuxzp65Ex5p5nCaO-oQ.jpeg 828w, https://miro.medium.com/v2/resize:fit:1100/format:webp/1*DUAfuxzp65Ex5p5nCaO-oQ.jpeg 1100w, https://miro.medium.com/v2/resize:fit:1400/format:webp/1*DUAfuxzp65Ex5p5nCaO-oQ.jpeg 1400w\" sizes=\"(min-resolution: 4dppx) and (max-width: 700px) 50vw, (-webkit-min-device-pixel-ratio: 4) and (max-width: 700px) 50vw, (min-resolution: 3dppx) and (max-width: 700px) 67vw, (-webkit-min-device-pixel-ratio: 3) and (max-width: 700px) 65vw, (min-resolution: 2.5dppx) and (max-width: 700px) 80vw, (-webkit-min-device-pixel-ratio: 2.5) and (max-width: 700px) 80vw, (min-resolution: 2dppx) and (max-width: 700px) 100vw, (-webkit-min-device-pixel-ratio: 2) and (max-width: 700px) 100vw, 700px\" type=\"image/webp\" style=\"box-sizing: inherit;\"><source data-testid=\"og\" srcset=\"https://miro.medium.com/v2/resize:fit:640/1*DUAfuxzp65Ex5p5nCaO-oQ.jpeg 640w, https://miro.medium.com/v2/resize:fit:720/1*DUAfuxzp65Ex5p5nCaO-oQ.jpeg 720w, https://miro.medium.com/v2/resize:fit:750/1*DUAfuxzp65Ex5p5nCaO-oQ.jpeg 750w, https://miro.medium.com/v2/resize:fit:786/1*DUAfuxzp65Ex5p5nCaO-oQ.jpeg 786w, https://miro.medium.com/v2/resize:fit:828/1*DUAfuxzp65Ex5p5nCaO-oQ.jpeg 828w, https://miro.medium.com/v2/resize:fit:1100/1*DUAfuxzp65Ex5p5nCaO-oQ.jpeg 1100w, https://miro.medium.com/v2/resize:fit:1400/1*DUAfuxzp65Ex5p5nCaO-oQ.jpeg 1400w\" sizes=\"(min-resolution: 4dppx) and (max-width: 700px) 50vw, (-webkit-min-device-pixel-ratio: 4) and (max-width: 700px) 50vw, (min-resolution: 3dppx) and (max-width: 700px) 67vw, (-webkit-min-device-pixel-ratio: 3) and (max-width: 700px) 65vw, (min-resolution: 2.5dppx) and (max-width: 700px) 80vw, (-webkit-min-device-pixel-ratio: 2.5) and (max-width: 700px) 80vw, (min-resolution: 2dppx) and (max-width: 700px) 100vw, (-webkit-min-device-pixel-ratio: 2) and (max-width: 700px) 100vw, 700px\" style=\"box-sizing: inherit;\"><img alt=\"\" class=\"bn zm acg c\" width=\"700\" height=\"700\" loading=\"lazy\" role=\"presentation\" src=\"https://miro.medium.com/v2/resize:fit:875/1*DUAfuxzp65Ex5p5nCaO-oQ.jpeg\" style=\"box-sizing: inherit; width: 680px; max-width: 100%; height: auto;\"></picture></div></div><figcaption class=\"ada ji adb kd ke adc add am b bm ah aj\" data-selectable-paragraph=\"\" style=\"box-sizing: inherit; line-height: 20px; color: rgb(107, 107, 107); font-family: sohne, &quot;Helvetica Neue&quot;, Helvetica, Arial, sans-serif; font-size: 14px; text-align: center; margin-left: auto; margin-right: auto; margin-top: 10px; max-width: 728px;\">Two philosophers discussing about kriya yoga</figcaption></figure><p id=\"7a4e\" class=\"pw-post-body-paragraph abb abc wy lu b abd abe abf abg abh abi abj abk le abl abm abn lj abo abp abq lo abr abs abt abu id bq\" data-selectable-paragraph=\"\" style=\"box-sizing: inherit; margin-top: 2.14em; margin-bottom: -0.46em; color: rgb(36, 36, 36); word-break: break-word; font-family: source-serif-pro, Georgia, Cambria, &quot;Times New Roman&quot;, Times, serif; line-height: 32px; letter-spacing: -0.003em; font-size: 20px;\">Paramahansa Yoganandas Autobiography of a Yogi is a seminal work that has inspired millions. It provides a detailed account of the science behind Kriya Yoga and its potential for personal transformation<a class=\"az acz\" href=\"https://www.goodreads.com/list/show/75394.Kriya_Yoga\" rel=\"noopener ugc nofollow\" target=\"_blank\" style=\"box-sizing: inherit; color: inherit; text-decoration-line: underline; -webkit-tap-highlight-color: transparent;\">1</a>. Similarly, Swami Yoganandas Art of Super-Realization is a practical guide that offers insights into the application of Kriya Yoga principles for spiritual growth<a class=\"az acz\" href=\"https://www.goodreads.com/list/show/75394.Kriya_Yoga\" rel=\"noopener ugc nofollow\" target=\"_blank\" style=\"box-sizing: inherit; color: inherit; text-decoration-line: underline; -webkit-tap-highlight-color: transparent;\">1</a>.</p><p id=\"9d7c\" class=\"pw-post-body-paragraph abb abc wy lu b abd abe abf abg abh abi abj abk le abl abm abn lj abo abp abq lo abr abs abt abu id bq\" data-selectable-paragraph=\"\" style=\"box-sizing: inherit; margin-top: 2.14em; margin-bottom: -0.46em; color: rgb(36, 36, 36); word-break: break-word; font-family: source-serif-pro, Georgia, Cambria, &quot;Times New Roman&quot;, Times, serif; line-height: 32px; letter-spacing: -0.003em; font-size: 20px;\">Sri Yukteswar Giris The Holy Science explores the universal truths underlying Kriya Yoga, emphasizing its capacity to unite East and West in spiritual harmony<a class=\"az acz\" href=\"https://www.goodreads.com/list/show/75394.Kriya_Yoga\" rel=\"noopener ugc nofollow\" target=\"_blank\" style=\"box-sizing: inherit; color: inherit; text-decoration-line: underline; -webkit-tap-highlight-color: transparent;\">1</a>.</p><h1 id=\"6f31\" class=\"ach aci wy am acj sr ack ss ky su acl sv ld re acm rf ri sy acn sz tb tc aco td tf acp bq\" data-selectable-paragraph=\"\" style=\"box-sizing: inherit; margin-top: 1.95em; margin-bottom: -0.28em; font-family: sohne, &quot;Helvetica Neue&quot;, Helvetica, Arial, sans-serif; color: rgb(36, 36, 36); line-height: 30px; letter-spacing: -0.016em; font-weight: 600; font-size: 24px;\">The Transformative Power of Kriya Yoga</h1><figure class=\"abw abx aby abz aca acb kd ke paragraph-image\" style=\"box-sizing: inherit; margin-top: 56px; margin-right: auto; margin-left: auto; clear: both; color: rgba(0, 0, 0, 0.8); font-family: medium-content-sans-serif-font, -apple-system, BlinkMacSystemFont, &quot;Segoe UI&quot;, Roboto, Oxygen, Ubuntu, Cantarell, &quot;Open Sans&quot;, &quot;Helvetica Neue&quot;, sans-serif; font-size: medium;\"><div role=\"button\" tabindex=\"0\" class=\"acc acd by ace bn acf\" style=\"box-sizing: inherit; width: 680px; position: relative; cursor: zoom-in; z-index: auto; transition: transform 300ms cubic-bezier(0.2, 0, 0.2, 1) 0s;\"><div class=\"kd ke abv\" style=\"box-sizing: inherit; margin-left: auto; margin-right: auto; max-width: 1024px;\"><picture style=\"box-sizing: inherit;\"><source srcset=\"https://miro.medium.com/v2/resize:fit:640/format:webp/1*tFmPBUgIlI_hB6Awe1dFWg.jpeg 640w, https://miro.medium.com/v2/resize:fit:720/format:webp/1*tFmPBUgIlI_hB6Awe1dFWg.jpeg 720w, https://miro.medium.com/v2/resize:fit:750/format:webp/1*tFmPBUgIlI_hB6Awe1dFWg.jpeg 750w, https://miro.medium.com/v2/resize:fit:786/format:webp/1*tFmPBUgIlI_hB6Awe1dFWg.jpeg 786w, https://miro.medium.com/v2/resize:fit:828/format:webp/1*tFmPBUgIlI_hB6Awe1dFWg.jpeg 828w, https://miro.medium.com/v2/resize:fit:1100/format:webp/1*tFmPBUgIlI_hB6Awe1dFWg.jpeg 1100w, https://miro.medium.com/v2/resize:fit:1400/format:webp/1*tFmPBUgIlI_hB6Awe1dFWg.jpeg 1400w\" sizes=\"(min-resolution: 4dppx) and (max-width: 700px) 50vw, (-webkit-min-device-pixel-ratio: 4) and (max-width: 700px) 50vw, (min-resolution: 3dppx) and (max-width: 700px) 67vw, (-webkit-min-device-pixel-ratio: 3) and (max-width: 700px) 65vw, (min-resolution: 2.5dppx) and (max-width: 700px) 80vw, (-webkit-min-device-pixel-ratio: 2.5) and (max-width: 700px) 80vw, (min-resolution: 2dppx) and (max-width: 700px) 100vw, (-webkit-min-device-pixel-ratio: 2) and (max-width: 700px) 100vw, 700px\" type=\"image/webp\" style=\"box-sizing: inherit;\"><source data-testid=\"og\" srcset=\"https://miro.medium.com/v2/resize:fit:640/1*tFmPBUgIlI_hB6Awe1dFWg.jpeg 640w, https://miro.medium.com/v2/resize:fit:720/1*tFmPBUgIlI_hB6Awe1dFWg.jpeg 720w, https://miro.medium.com/v2/resize:fit:750/1*tFmPBUgIlI_hB6Awe1dFWg.jpeg 750w, https://miro.medium.com/v2/resize:fit:786/1*tFmPBUgIlI_hB6Awe1dFWg.jpeg 786w, https://miro.medium.com/v2/resize:fit:828/1*tFmPBUgIlI_hB6Awe1dFWg.jpeg 828w, https://miro.medium.com/v2/resize:fit:1100/1*tFmPBUgIlI_hB6Awe1dFWg.jpeg 1100w, https://miro.medium.com/v2/resize:fit:1400/1*tFmPBUgIlI_hB6Awe1dFWg.jpeg 1400w\" sizes=\"(min-resolution: 4dppx) and (max-width: 700px) 50vw, (-webkit-min-device-pixel-ratio: 4) and (max-width: 700px) 50vw, (min-resolution: 3dppx) and (max-width: 700px) 67vw, (-webkit-min-device-pixel-ratio: 3) and (max-width: 700px) 65vw, (min-resolution: 2.5dppx) and (max-width: 700px) 80vw, (-webkit-min-device-pixel-ratio: 2.5) and (max-width: 700px) 80vw, (min-resolution: 2dppx) and (max-width: 700px) 100vw, (-webkit-min-device-pixel-ratio: 2) and (max-width: 700px) 100vw, 700px\" style=\"box-sizing: inherit;\"><img alt=\"\" class=\"bn zm acg c\" width=\"700\" height=\"700\" loading=\"lazy\" role=\"presentation\" src=\"https://miro.medium.com/v2/resize:fit:875/1*tFmPBUgIlI_hB6Awe1dFWg.jpeg\" style=\"box-sizing: inherit; width: 680px; max-width: 100%; height: auto;\"></picture></div></div></figure><p id=\"fa29\" class=\"pw-post-body-paragraph abb abc wy lu b abd abe abf abg abh abi abj abk le abl abm abn lj abo abp abq lo abr abs abt abu id bq\" data-selectable-paragraph=\"\" style=\"box-sizing: inherit; margin-top: 2.14em; margin-bottom: -0.46em; color: rgb(36, 36, 36); word-break: break-word; font-family: source-serif-pro, Georgia, Cambria, &quot;Times New Roman&quot;, Times, serif; line-height: 32px; letter-spacing: -0.003em; font-size: 20px;\">Kriya Yoga is more than a set of techniques; its a transformative journey. It empowers individuals to live in a state of heightened awareness and inner peace, leading to a life filled with purpose and serenity.</p><blockquote class=\"acv acw acx\" style=\"box-sizing: inherit; margin-bottom: 0px; margin-left: -20px; box-shadow: rgb(36, 36, 36) 3px 0px 0px 0px inset; padding-left: 23px; color: rgba(0, 0, 0, 0.8); font-family: medium-content-sans-serif-font, -apple-system, BlinkMacSystemFont, &quot;Segoe UI&quot;, Roboto, Oxygen, Ubuntu, Cantarell, &quot;Open Sans&quot;, &quot;Helvetica Neue&quot;, sans-serif; font-size: medium;\"><p id=\"c594\" class=\"abb abc acy lu b abd abe abf abg abh abi abj abk le abl abm abn lj abo abp abq lo abr abs abt abu id bq\" data-selectable-paragraph=\"\" style=\"box-sizing: inherit; margin-top: 2.14em; margin-bottom: -0.46em; color: rgb(36, 36, 36); word-break: break-word; font-family: source-serif-pro, Georgia, Cambria, &quot;Times New Roman&quot;, Times, serif; line-height: 32px; letter-spacing: -0.003em; font-style: italic; font-size: 20px;\"><span class=\"wy\" style=\"box-sizing: inherit; font-style: normal;\">The true follower of Kriya Yoga is the highest yogi, and Kriya Yoga is the greatest yoga technique ever developed in mans search for the Infinite.  Paramahansa Yogananda</span><a class=\"az acz\" href=\"https://www.goodreads.com/list/show/75394.Kriya_Yoga\" rel=\"noopener ugc nofollow\" target=\"_blank\" style=\"box-sizing: inherit; color: inherit; text-decoration-line: underline; -webkit-tap-highlight-color: transparent;\"><span class=\"wy\" style=\"box-sizing: inherit; font-style: normal;\">1</span></a></p></blockquote><h1 id=\"e1a4\" class=\"ach aci wy am acj sr ack ss ky su acl sv ld re acm rf ri sy acn sz tb tc aco td tf acp bq\" data-selectable-paragraph=\"\" style=\"box-sizing: inherit; margin-top: 1.95em; margin-bottom: -0.28em; font-family: sohne, &quot;Helvetica Neue&quot;, Helvetica, Arial, sans-serif; color: rgb(36, 36, 36); line-height: 30px; letter-spacing: -0.016em; font-weight: 600; font-size: 24px;\">Steps to Perform Kriya Yoga</h1><figure class=\"abw abx aby abz aca acb kd ke paragraph-image\" style=\"box-sizing: inherit; margin-top: 56px; margin-right: auto; margin-left: auto; clear: both; color: rgba(0, 0, 0, 0.8); font-family: medium-content-sans-serif-font, -apple-system, BlinkMacSystemFont, &quot;Segoe UI&quot;, Roboto, Oxygen, Ubuntu, Cantarell, &quot;Open Sans&quot;, &quot;Helvetica Neue&quot;, sans-serif; font-size: medium;\"><div role=\"button\" tabindex=\"0\" class=\"acc acd by ace bn acf\" style=\"box-sizing: inherit; width: 680px; position: relative; cursor: zoom-in; z-index: auto; transition: transform 300ms cubic-bezier(0.2, 0, 0.2, 1) 0s;\"><div class=\"kd ke abv\" style=\"box-sizing: inherit; margin-left: auto; margin-right: auto; max-width: 1024px;\"><picture style=\"box-sizing: inherit;\"><source srcset=\"https://miro.medium.com/v2/resize:fit:640/format:webp/1*Mkj3WYqRN3ULsFgth2XO_w.jpeg 640w, https://miro.medium.com/v2/resize:fit:720/format:webp/1*Mkj3WYqRN3ULsFgth2XO_w.jpeg 720w, https://miro.medium.com/v2/resize:fit:750/format:webp/1*Mkj3WYqRN3ULsFgth2XO_w.jpeg 750w, https://miro.medium.com/v2/resize:fit:786/format:webp/1*Mkj3WYqRN3ULsFgth2XO_w.jpeg 786w, https://miro.medium.com/v2/resize:fit:828/format:webp/1*Mkj3WYqRN3ULsFgth2XO_w.jpeg 828w, https://miro.medium.com/v2/resize:fit:1100/format:webp/1*Mkj3WYqRN3ULsFgth2XO_w.jpeg 1100w, https://miro.medium.com/v2/resize:fit:1400/format:webp/1*Mkj3WYqRN3ULsFgth2XO_w.jpeg 1400w\" sizes=\"(min-resolution: 4dppx) and (max-width: 700px) 50vw, (-webkit-min-device-pixel-ratio: 4) and (max-width: 700px) 50vw, (min-resolution: 3dppx) and (max-width: 700px) 67vw, (-webkit-min-device-pixel-ratio: 3) and (max-width: 700px) 65vw, (min-resolution: 2.5dppx) and (max-width: 700px) 80vw, (-webkit-min-device-pixel-ratio: 2.5) and (max-width: 700px) 80vw, (min-resolution: 2dppx) and (max-width: 700px) 100vw, (-webkit-min-device-pixel-ratio: 2) and (max-width: 700px) 100vw, 700px\" type=\"image/webp\" style=\"box-sizing: inherit;\"><source data-testid=\"og\" srcset=\"https://miro.medium.com/v2/resize:fit:640/1*Mkj3WYqRN3ULsFgth2XO_w.jpeg 640w, https://miro.medium.com/v2/resize:fit:720/1*Mkj3WYqRN3ULsFgth2XO_w.jpeg 720w, https://miro.medium.com/v2/resize:fit:750/1*Mkj3WYqRN3ULsFgth2XO_w.jpeg 750w, https://miro.medium.com/v2/resize:fit:786/1*Mkj3WYqRN3ULsFgth2XO_w.jpeg 786w, https://miro.medium.com/v2/resize:fit:828/1*Mkj3WYqRN3ULsFgth2XO_w.jpeg 828w, https://miro.medium.com/v2/resize:fit:1100/1*Mkj3WYqRN3ULsFgth2XO_w.jpeg 1100w, https://miro.medium.com/v2/resize:fit:1400/1*Mkj3WYqRN3ULsFgth2XO_w.jpeg 1400w\" sizes=\"(min-resolution: 4dppx) and (max-width: 700px) 50vw, (-webkit-min-device-pixel-ratio: 4) and (max-width: 700px) 50vw, (min-resolution: 3dppx) and (max-width: 700px) 67vw, (-webkit-min-device-pixel-ratio: 3) and (max-width: 700px) 65vw, (min-resolution: 2.5dppx) and (max-width: 700px) 80vw, (-webkit-min-device-pixel-ratio: 2.5) and (max-width: 700px) 80vw, (min-resolution: 2dppx) and (max-width: 700px) 100vw, (-webkit-min-device-pixel-ratio: 2) and (max-width: 700px) 100vw, 700px\" style=\"box-sizing: inherit;\"><img alt=\"\" class=\"bn zm acg c\" width=\"700\" height=\"700\" loading=\"lazy\" role=\"presentation\" src=\"https://miro.medium.com/v2/resize:fit:875/1*Mkj3WYqRN3ULsFgth2XO_w.jpeg\" style=\"box-sizing: inherit; width: 680px; max-width: 100%; height: auto;\"></picture></div></div><figcaption class=\"ada ji adb kd ke adc add am b bm ah aj\" data-selectable-paragraph=\"\" style=\"box-sizing: inherit; line-height: 20px; color: rgb(107, 107, 107); font-family: sohne, &quot;Helvetica Neue&quot;, Helvetica, Arial, sans-serif; font-size: 14px; text-align: center; margin-left: auto; margin-right: auto; margin-top: 10px; max-width: 728px;\">People doing yoga</figcaption></figure><p id=\"828c\" class=\"pw-post-body-paragraph abb abc wy lu b abd abe abf abg abh abi abj abk le abl abm abn lj abo abp abq lo abr abs abt abu id bq\" data-selectable-paragraph=\"\" style=\"box-sizing: inherit; margin-top: 2.14em; margin-bottom: -0.46em; color: rgb(36, 36, 36); word-break: break-word; font-family: source-serif-pro, Georgia, Cambria, &quot;Times New Roman&quot;, Times, serif; line-height: 32px; letter-spacing: -0.003em; font-size: 20px;\">Kriya Yoga is a profound practice that requires precise technique and guidance. Below are the general steps involved in Kriya Yoga practice, as outlined by the teachings of the great yogis:</p><ol class=\"\" style=\"box-sizing: inherit; margin-right: 0px; margin-bottom: 0px; margin-left: 0px; padding: 0px; list-style: none none; color: rgba(0, 0, 0, 0.8); font-family: medium-content-sans-serif-font, -apple-system, BlinkMacSystemFont, &quot;Segoe UI&quot;, Roboto, Oxygen, Ubuntu, Cantarell, &quot;Open Sans&quot;, &quot;Helvetica Neue&quot;, sans-serif; font-size: medium;\"><li id=\"4246\" class=\"abb abc wy lu b abd abe abf abg abh abi abj abk le abl abm abn lj abo abp abq lo abr abs abt abu ade adf adg bq\" data-selectable-paragraph=\"\" style=\"box-sizing: inherit; color: rgb(36, 36, 36); font-family: source-serif-pro, Georgia, Cambria, &quot;Times New Roman&quot;, Times, serif; line-height: 32px; letter-spacing: -0.003em; margin-bottom: -0.46em; list-style-type: decimal; margin-left: 30px; padding-left: 0px; font-size: 20px; margin-top: 2.14em;\"><span class=\"lu gl\" style=\"box-sizing: inherit; font-weight: 700;\">Preparation</span>: Begin with a calm and quiet environment. Sit in a comfortable position with the spine straight and the body relaxed.</li><li id=\"d592\" class=\"abb abc wy lu b abd adh abf abg abh adi abj abk le adj abm abn lj adk abp abq lo adl abs abt abu ade adf adg bq\" data-selectable-paragraph=\"\" style=\"box-sizing: inherit; color: rgb(36, 36, 36); font-family: source-serif-pro, Georgia, Cambria, &quot;Times New Roman&quot;, Times, serif; line-height: 32px; letter-spacing: -0.003em; margin-bottom: -0.46em; list-style-type: decimal; margin-left: 30px; padding-left: 0px; font-size: 20px; margin-top: 1.14em;\"><span class=\"lu gl\" style=\"box-sizing: inherit; font-weight: 700;\">Breath Control (Pranayama)</span>: Engage in controlled breathing to prepare the mind and body for meditation. This helps in calming the nervous system and focusing the mind<a class=\"az acz\" href=\"https://www.ananda.org/kriya-yoga/\" rel=\"noopener ugc nofollow\" target=\"_blank\" style=\"box-sizing: inherit; color: inherit; text-decoration-line: underline; -webkit-tap-highlight-color: transparent;\">1</a>.</li><li id=\"40f4\" class=\"abb abc wy lu b abd adh abf abg abh adi abj abk le adj abm abn lj adk abp abq lo adl abs abt abu ade adf adg bq\" data-selectable-paragraph=\"\" style=\"box-sizing: inherit; color: rgb(36, 36, 36); font-family: source-serif-pro, Georgia, Cambria, &quot;Times New Roman&quot;, Times, serif; line-height: 32px; letter-spacing: -0.003em; margin-bottom: -0.46em; list-style-type: decimal; margin-left: 30px; padding-left: 0px; font-size: 20px; margin-top: 1.14em;\"><span class=\"lu gl\" style=\"box-sizing: inherit; font-weight: 700;\">Meditation (Dhyana)</span>: Enter into a state of meditation, focusing on the inner self and the flow of energy within the spine<a class=\"az acz\" href=\"https://www.ananda.org/kriya-yoga/\" rel=\"noopener ugc nofollow\" target=\"_blank\" style=\"box-sizing: inherit; color: inherit; text-decoration-line: underline; -webkit-tap-highlight-color: transparent;\">1</a>.</li><li id=\"44f4\" class=\"abb abc wy lu b abd adh abf abg abh adi abj abk le adj abm abn lj adk abp abq lo adl abs abt abu ade adf adg bq\" data-selectable-paragraph=\"\" style=\"box-sizing: inherit; color: rgb(36, 36, 36); font-family: source-serif-pro, Georgia, Cambria, &quot;Times New Roman&quot;, Times, serif; line-height: 32px; letter-spacing: -0.003em; margin-bottom: -0.46em; list-style-type: decimal; margin-left: 30px; padding-left: 0px; font-size: 20px; margin-top: 1.14em;\"><span class=\"lu gl\" style=\"box-sizing: inherit; font-weight: 700;\">Mantra</span>: Recite or mentally chant a sacred mantra. This is often done to deepen the meditative state and connect with higher consciousness<a class=\"az acz\" href=\"https://www.ananda.org/kriya-yoga/\" rel=\"noopener ugc nofollow\" target=\"_blank\" style=\"box-sizing: inherit; color: inherit; text-decoration-line: underline; -webkit-tap-highlight-color: transparent;\">1</a>.</li><li id=\"3329\" class=\"abb abc wy lu b abd adh abf abg abh adi abj abk le adj abm abn lj adk abp abq lo adl abs abt abu ade adf adg bq\" data-selectable-paragraph=\"\" style=\"box-sizing: inherit; color: rgb(36, 36, 36); font-family: source-serif-pro, Georgia, Cambria, &quot;Times New Roman&quot;, Times, serif; line-height: 32px; letter-spacing: -0.003em; margin-bottom: -0.46em; list-style-type: decimal; margin-left: 30px; padding-left: 0px; font-size: 20px; margin-top: 1.14em;\"><span class=\"lu gl\" style=\"box-sizing: inherit; font-weight: 700;\">Mudra (Spiritual Hand Gestures)</span>: Perform specific hand gestures that are believed to influence the energy flow and concentration<a class=\"az acz\" href=\"https://www.brettlarkin.com/what-is-kriya-yoga/\" rel=\"noopener ugc nofollow\" target=\"_blank\" style=\"box-sizing: inherit; color: inherit; text-decoration-line: underline; -webkit-tap-highlight-color: transparent;\">2</a>.</li><li id=\"9fad\" class=\"abb abc wy lu b abd adh abf abg abh adi abj abk le adj abm abn lj adk abp abq lo adl abs abt abu ade adf adg bq\" data-selectable-paragraph=\"\" style=\"box-sizing: inherit; color: rgb(36, 36, 36); font-family: source-serif-pro, Georgia, Cambria, &quot;Times New Roman&quot;, Times, serif; line-height: 32px; letter-spacing: -0.003em; margin-bottom: -0.46em; list-style-type: decimal; margin-left: 30px; padding-left: 0px; font-size: 20px; margin-top: 1.14em;\"><span class=\"lu gl\" style=\"box-sizing: inherit; font-weight: 700;\">Mental Focus</span>: Direct your attention to the spiritual eye (the point between the eyebrows), which is considered the seat of spiritual awakening<a class=\"az acz\" href=\"https://www.ananda.org/kriya-yoga/\" rel=\"noopener ugc nofollow\" target=\"_blank\" style=\"box-sizing: inherit; color: inherit; text-decoration-line: underline; -webkit-tap-highlight-color: transparent;\">1</a>.</li><li id=\"0bde\" class=\"abb abc wy lu b abd adh abf abg abh adi abj abk le adj abm abn lj adk abp abq lo adl abs abt abu ade adf adg bq\" data-selectable-paragraph=\"\" style=\"box-sizing: inherit; color: rgb(36, 36, 36); font-family: source-serif-pro, Georgia, Cambria, &quot;Times New Roman&quot;, Times, serif; line-height: 32px; letter-spacing: -0.003em; margin-bottom: -0.46em; list-style-type: decimal; margin-left: 30px; padding-left: 0px; font-size: 20px; margin-top: 1.14em;\"><span class=\"lu gl\" style=\"box-sizing: inherit; font-weight: 700;\">Energy Circulation</span>: Visualize the life force circulating up and down the spine with each breath. This is the core practice of Kriya Yoga, where the practitioner mentally guides the energy through the chakras<a class=\"az acz\" href=\"https://www.ananda.org/kriya-yoga/\" rel=\"noopener ugc nofollow\" target=\"_blank\" style=\"box-sizing: inherit; color: inherit; text-decoration-line: underline; -webkit-tap-highlight-color: transparent;\">1</a>.</li><li id=\"eb2c\" class=\"abb abc wy lu b abd adh abf abg abh adi abj abk le adj abm abn lj adk abp abq lo adl abs abt abu ade adf adg bq\" data-selectable-paragraph=\"\" style=\"box-sizing: inherit; color: rgb(36, 36, 36); font-family: source-serif-pro, Georgia, Cambria, &quot;Times New Roman&quot;, Times, serif; line-height: 32px; letter-spacing: -0.003em; margin-bottom: -0.46em; list-style-type: decimal; margin-left: 30px; padding-left: 0px; font-size: 20px; margin-top: 1.14em;\"><span class=\"lu gl\" style=\"box-sizing: inherit; font-weight: 700;\">Final Meditation and Reflection</span>: Conclude the practice with a period of silent meditation, absorbing the peace and energy cultivated during the session<a class=\"az acz\" href=\"https://www.ananda.org/kriya-yoga/\" rel=\"noopener ugc nofollow\" target=\"_blank\" style=\"box-sizing: inherit; color: inherit; text-decoration-line: underline; -webkit-tap-highlight-color: transparent;\">1</a>.</li></ol><p id=\"09fe\" class=\"pw-post-body-paragraph abb abc wy lu b abd abe abf abg abh abi abj abk le abl abm abn lj abo abp abq lo abr abs abt abu id bq\" data-selectable-paragraph=\"\" style=\"box-sizing: inherit; margin-top: 2.14em; margin-bottom: -0.46em; color: rgb(36, 36, 36); word-break: break-word; font-family: source-serif-pro, Georgia, Cambria, &quot;Times New Roman&quot;, Times, serif; line-height: 32px; letter-spacing: -0.003em; font-size: 20px;\">Its important to note that these steps are a simplified overview and Kriya Yoga should ideally be learned directly from a qualified teacher. The practice involves specific techniques that are traditionally imparted through initiation.</p><h1 id=\"e8dd\" class=\"ach aci wy am acj sr ack ss ky su acl sv ld re acm rf ri sy acn sz tb tc aco td tf acp bq\" data-selectable-paragraph=\"\" style=\"box-sizing: inherit; margin-top: 1.95em; margin-bottom: -0.28em; font-family: sohne, &quot;Helvetica Neue&quot;, Helvetica, Arial, sans-serif; color: rgb(36, 36, 36); line-height: 30px; letter-spacing: -0.016em; font-weight: 600; font-size: 24px;\">The Science Behind the Spirituality</h1><p id=\"aa44\" class=\"pw-post-body-paragraph abb abc wy lu b abd acq abf abg abh acr abj abk le acs abm abn lj act abp abq lo acu abs abt abu id bq\" data-selectable-paragraph=\"\" style=\"box-sizing: inherit; margin-top: 0.94em; margin-bottom: -0.46em; color: rgb(36, 36, 36); word-break: break-word; font-family: source-serif-pro, Georgia, Cambria, &quot;Times New Roman&quot;, Times, serif; line-height: 32px; letter-spacing: -0.003em; font-size: 20px;\">Kriya Yoga isnt just a spiritual practice; its a science. By working directly with the life force at the spines core, it accelerates growth and brings about a union with the Divine<a class=\"az acz\" href=\"https://www.goodreads.com/list/show/75394.Kriya_Yoga\" rel=\"noopener ugc nofollow\" target=\"_blank\" style=\"box-sizing: inherit; color: inherit; text-decoration-line: underline; -webkit-tap-highlight-color: transparent;\">1</a>. Its a method validated not only by its ancient origins but also by the experiences of countless practitioners who have found solace and transformation through its practice.</p><h1 id=\"9d98\" class=\"ach aci wy am acj sr ack ss ky su acl sv ld re acm rf ri sy acn sz tb tc aco td tf acp bq\" data-selectable-paragraph=\"\" style=\"box-sizing: inherit; margin-top: 1.95em; margin-bottom: -0.28em; font-family: sohne, &quot;Helvetica Neue&quot;, Helvetica, Arial, sans-serif; color: rgb(36, 36, 36); line-height: 30px; letter-spacing: -0.016em; font-weight: 600; font-size: 24px;\">The Legacy of Kriya Yoga in Contemporary Thought</h1><figure class=\"abw abx aby abz aca acb kd ke paragraph-image\" style=\"box-sizing: inherit; margin-top: 56px; margin-right: auto; margin-left: auto; clear: both; color: rgba(0, 0, 0, 0.8); font-family: medium-content-sans-serif-font, -apple-system, BlinkMacSystemFont, &quot;Segoe UI&quot;, Roboto, Oxygen, Ubuntu, Cantarell, &quot;Open Sans&quot;, &quot;Helvetica Neue&quot;, sans-serif; font-size: medium;\"><div role=\"button\" tabindex=\"0\" class=\"acc acd by ace bn acf\" style=\"box-sizing: inherit; width: 680px; position: relative; cursor: zoom-in; z-index: auto; transition: transform 300ms cubic-bezier(0.2, 0, 0.2, 1) 0s;\"><div class=\"kd ke abv\" style=\"box-sizing: inherit; margin-left: auto; margin-right: auto; max-width: 1024px;\"><picture style=\"box-sizing: inherit;\"><source srcset=\"https://miro.medium.com/v2/resize:fit:640/format:webp/1*V0LNl52TIHyzTP26TD8EaA.jpeg 640w, https://miro.medium.com/v2/resize:fit:720/format:webp/1*V0LNl52TIHyzTP26TD8EaA.jpeg 720w, https://miro.medium.com/v2/resize:fit:750/format:webp/1*V0LNl52TIHyzTP26TD8EaA.jpeg 750w, https://miro.medium.com/v2/resize:fit:786/format:webp/1*V0LNl52TIHyzTP26TD8EaA.jpeg 786w, https://miro.medium.com/v2/resize:fit:828/format:webp/1*V0LNl52TIHyzTP26TD8EaA.jpeg 828w, https://miro.medium.com/v2/resize:fit:1100/format:webp/1*V0LNl52TIHyzTP26TD8EaA.jpeg 1100w, https://miro.medium.com/v2/resize:fit:1400/format:webp/1*V0LNl52TIHyzTP26TD8EaA.jpeg 1400w\" sizes=\"(min-resolution: 4dppx) and (max-width: 700px) 50vw, (-webkit-min-device-pixel-ratio: 4) and (max-width: 700px) 50vw, (min-resolution: 3dppx) and (max-width: 700px) 67vw, (-webkit-min-device-pixel-ratio: 3) and (max-width: 700px) 65vw, (min-resolution: 2.5dppx) and (max-width: 700px) 80vw, (-webkit-min-device-pixel-ratio: 2.5) and (max-width: 700px) 80vw, (min-resolution: 2dppx) and (max-width: 700px) 100vw, (-webkit-min-device-pixel-ratio: 2) and (max-width: 700px) 100vw, 700px\" type=\"image/webp\" style=\"box-sizing: inherit;\"><source data-testid=\"og\" srcset=\"https://miro.medium.com/v2/resize:fit:640/1*V0LNl52TIHyzTP26TD8EaA.jpeg 640w, https://miro.medium.com/v2/resize:fit:720/1*V0LNl52TIHyzTP26TD8EaA.jpeg 720w, https://miro.medium.com/v2/resize:fit:750/1*V0LNl52TIHyzTP26TD8EaA.jpeg 750w, https://miro.medium.com/v2/resize:fit:786/1*V0LNl52TIHyzTP26TD8EaA.jpeg 786w, https://miro.medium.com/v2/resize:fit:828/1*V0LNl52TIHyzTP26TD8EaA.jpeg 828w, https://miro.medium.com/v2/resize:fit:1100/1*V0LNl52TIHyzTP26TD8EaA.jpeg 1100w, https://miro.medium.com/v2/resize:fit:1400/1*V0LNl52TIHyzTP26TD8EaA.jpeg 1400w\" sizes=\"(min-resolution: 4dppx) and (max-width: 700px) 50vw, (-webkit-min-device-pixel-ratio: 4) and (max-width: 700px) 50vw, (min-resolution: 3dppx) and (max-width: 700px) 67vw, (-webkit-min-device-pixel-ratio: 3) and (max-width: 700px) 65vw, (min-resolution: 2.5dppx) and (max-width: 700px) 80vw, (-webkit-min-device-pixel-ratio: 2.5) and (max-width: 700px) 80vw, (min-resolution: 2dppx) and (max-width: 700px) 100vw, (-webkit-min-device-pixel-ratio: 2) and (max-width: 700px) 100vw, 700px\" style=\"box-sizing: inherit;\"><img alt=\"\" class=\"bn zm acg c\" width=\"700\" height=\"700\" loading=\"lazy\" role=\"presentation\" src=\"https://miro.medium.com/v2/resize:fit:875/1*V0LNl52TIHyzTP26TD8EaA.jpeg\" style=\"box-sizing: inherit; width: 680px; max-width: 100%; height: auto;\"></picture></div></div></figure><p id=\"7489\" class=\"pw-post-body-paragraph abb abc wy lu b abd abe abf abg abh abi abj abk le abl abm abn lj abo abp abq lo abr abs abt abu id bq\" data-selectable-paragraph=\"\" style=\"box-sizing: inherit; margin-top: 2.14em; margin-bottom: -0.46em; color: rgb(36, 36, 36); word-break: break-word; font-family: source-serif-pro, Georgia, Cambria, &quot;Times New Roman&quot;, Times, serif; line-height: 32px; letter-spacing: -0.003em; font-size: 20px;\">The resurgence of Kriya Yoga in modern times can be attributed to the seminal work of Paramahansa Yogananda, who introduced these teachings to the West. His book, Autobiography of a Yogi, continues to inspire seekers worldwide, emphasizing the timeless relevance of Kriya Yoga<a class=\"az acz\" href=\"https://www.goodreads.com/list/show/75394.Kriya_Yoga\" rel=\"noopener ugc nofollow\" target=\"_blank\" style=\"box-sizing: inherit; color: inherit; text-decoration-line: underline; -webkit-tap-highlight-color: transparent;\">1</a>.</p><blockquote class=\"acv acw acx\" style=\"box-sizing: inherit; margin-bottom: 0px; margin-left: -20px; box-shadow: rgb(36, 36, 36) 3px 0px 0px 0px inset; padding-left: 23px; color: rgba(0, 0, 0, 0.8); font-family: medium-content-sans-serif-font, -apple-system, BlinkMacSystemFont, &quot;Segoe UI&quot;, Roboto, Oxygen, Ubuntu, Cantarell, &quot;Open Sans&quot;, &quot;Helvetica Neue&quot;, sans-serif; font-size: medium;\"><p id=\"6be4\" class=\"abb abc acy lu b abd abe abf abg abh abi abj abk le abl abm abn lj abo abp abq lo abr abs abt abu id bq\" data-selectable-paragraph=\"\" style=\"box-sizing: inherit; margin-top: 2.14em; margin-bottom: -0.46em; color: rgb(36, 36, 36); word-break: break-word; font-family: source-serif-pro, Georgia, Cambria, &quot;Times New Roman&quot;, Times, serif; line-height: 32px; letter-spacing: -0.003em; font-style: italic; font-size: 20px;\"><span class=\"wy\" style=\"box-sizing: inherit; font-style: normal;\">Kriya Yoga is the jet airplane route to God.  Paramahansa Yogananda</span><a class=\"az acz\" href=\"https://www.goodreads.com/list/show/75394.Kriya_Yoga\" rel=\"noopener ugc nofollow\" target=\"_blank\" style=\"box-sizing: inherit; color: inherit; text-decoration-line: underline; -webkit-tap-highlight-color: transparent;\"><span class=\"wy\" style=\"box-sizing: inherit; font-style: normal;\">1</span></a></p></blockquote><h1 id=\"fd24\" class=\"ach aci wy am acj sr ack ss ky su acl sv ld re acm rf ri sy acn sz tb tc aco td tf acp bq\" data-selectable-paragraph=\"\" style=\"box-sizing: inherit; margin-top: 1.95em; margin-bottom: -0.28em; font-family: sohne, &quot;Helvetica Neue&quot;, Helvetica, Arial, sans-serif; color: rgb(36, 36, 36); line-height: 30px; letter-spacing: -0.016em; font-weight: 600; font-size: 24px;\">Embracing Kriya Yoga: The Path Forward</h1><p id=\"302a\" class=\"pw-post-body-paragraph abb abc wy lu b abd acq abf abg abh acr abj abk le acs abm abn lj act abp abq lo acu abs abt abu id bq\" data-selectable-paragraph=\"\" style=\"box-sizing: inherit; margin-top: 0.94em; margin-bottom: -0.46em; color: rgb(36, 36, 36); word-break: break-word; font-family: source-serif-pro, Georgia, Cambria, &quot;Times New Roman&quot;, Times, serif; line-height: 32px; letter-spacing: -0.003em; font-size: 20px;\">In a world brimming with transient pleasures and superficial engagements, Kriya Yoga offers a sanctuary of wisdom and tranquility. It beckons those who seek to transcend the mundane and embrace a life of spiritual richness and depth.</p>",
    "author": 2,
    "status": "PB"
  }
},
{
  "model": "blog.post",
  "pk": 17,
  "fields": {
    "title": "Why Sleep? The Silent Guardian of Our Well-being",
    "slug": "why-sleep-the-silent-guardian-of-our-well-being",
    "publish": "2024-06-03T09:40:29.321Z",
    "created": "2024-06-03T09:40:29.320Z",
    "updated": "2024-06-03T09:40:29.320Z",
    "body": "<p id=\"fc7d\" class=\"pw-post-body-paragraph abb abc wy lu b abd abe abf abg abh abi abj abk le abl abm abn lj abo abp abq lo abr abs abt abu id bq\" data-selectable-paragraph=\"\" style=\"box-sizing: inherit; margin-top: 2.14em; margin-bottom: -0.46em; color: rgb(36, 36, 36); word-break: break-word; font-family: source-serif-pro, Georgia, Cambria, &quot;Times New Roman&quot;, Times, serif; line-height: 32px; letter-spacing: -0.003em; font-size: 20px;\">Sleep, often overlooked and undervalued, is the silent guardian of our well-being. Its the unseen healer, the restorer of balance, and the nourisher of our minds and bodies. In this exploration of slumber, we delve into the profound impact sleep has on our lives, guided by wisdom from experts and luminaries alike.</p><figure class=\"abw abx aby abz aca acb kd ke paragraph-image\" style=\"box-sizing: inherit; margin-top: 56px; margin-right: auto; margin-left: auto; clear: both; color: rgba(0, 0, 0, 0.8); font-family: medium-content-sans-serif-font, -apple-system, BlinkMacSystemFont, &quot;Segoe UI&quot;, Roboto, Oxygen, Ubuntu, Cantarell, &quot;Open Sans&quot;, &quot;Helvetica Neue&quot;, sans-serif; font-size: medium;\"><div role=\"button\" tabindex=\"0\" class=\"acc acd by ace bn acf\" style=\"box-sizing: inherit; width: 680px; position: relative; cursor: zoom-in; z-index: auto; transition: transform 300ms cubic-bezier(0.2, 0, 0.2, 1) 0s;\"><div class=\"kd ke abv\" style=\"box-sizing: inherit; margin-left: auto; margin-right: auto; max-width: 1024px;\"><picture style=\"box-sizing: inherit;\"><source srcset=\"https://miro.medium.com/v2/resize:fit:640/format:webp/1*x3qEaKWyRPXAg1BWqmDsIg.jpeg 640w, https://miro.medium.com/v2/resize:fit:720/format:webp/1*x3qEaKWyRPXAg1BWqmDsIg.jpeg 720w, https://miro.medium.com/v2/resize:fit:750/format:webp/1*x3qEaKWyRPXAg1BWqmDsIg.jpeg 750w, https://miro.medium.com/v2/resize:fit:786/format:webp/1*x3qEaKWyRPXAg1BWqmDsIg.jpeg 786w, https://miro.medium.com/v2/resize:fit:828/format:webp/1*x3qEaKWyRPXAg1BWqmDsIg.jpeg 828w, https://miro.medium.com/v2/resize:fit:1100/format:webp/1*x3qEaKWyRPXAg1BWqmDsIg.jpeg 1100w, https://miro.medium.com/v2/resize:fit:1400/format:webp/1*x3qEaKWyRPXAg1BWqmDsIg.jpeg 1400w\" sizes=\"(min-resolution: 4dppx) and (max-width: 700px) 50vw, (-webkit-min-device-pixel-ratio: 4) and (max-width: 700px) 50vw, (min-resolution: 3dppx) and (max-width: 700px) 67vw, (-webkit-min-device-pixel-ratio: 3) and (max-width: 700px) 65vw, (min-resolution: 2.5dppx) and (max-width: 700px) 80vw, (-webkit-min-device-pixel-ratio: 2.5) and (max-width: 700px) 80vw, (min-resolution: 2dppx) and (max-width: 700px) 100vw, (-webkit-min-device-pixel-ratio: 2) and (max-width: 700px) 100vw, 700px\" type=\"image/webp\" style=\"box-sizing: inherit;\"><source data-testid=\"og\" srcset=\"https://miro.medium.com/v2/resize:fit:640/1*x3qEaKWyRPXAg1BWqmDsIg.jpeg 640w, https://miro.medium.com/v2/resize:fit:720/1*x3qEaKWyRPXAg1BWqmDsIg.jpeg 720w, https://miro.medium.com/v2/resize:fit:750/1*x3qEaKWyRPXAg1BWqmDsIg.jpeg 750w, https://miro.medium.com/v2/resize:fit:786/1*x3qEaKWyRPXAg1BWqmDsIg.jpeg 786w, https://miro.medium.com/v2/resize:fit:828/1*x3qEaKWyRPXAg1BWqmDsIg.jpeg 828w, https://miro.medium.com/v2/resize:fit:1100/1*x3qEaKWyRPXAg1BWqmDsIg.jpeg 1100w, https://miro.medium.com/v2/resize:fit:1400/1*x3qEaKWyRPXAg1BWqmDsIg.jpeg 1400w\" sizes=\"(min-resolution: 4dppx) and (max-width: 700px) 50vw, (-webkit-min-device-pixel-ratio: 4) and (max-width: 700px) 50vw, (min-resolution: 3dppx) and (max-width: 700px) 67vw, (-webkit-min-device-pixel-ratio: 3) and (max-width: 700px) 65vw, (min-resolution: 2.5dppx) and (max-width: 700px) 80vw, (-webkit-min-device-pixel-ratio: 2.5) and (max-width: 700px) 80vw, (min-resolution: 2dppx) and (max-width: 700px) 100vw, (-webkit-min-device-pixel-ratio: 2) and (max-width: 700px) 100vw, 700px\" style=\"box-sizing: inherit;\"><img alt=\"\" class=\"bn zm acg c\" width=\"700\" height=\"700\" loading=\"eager\" role=\"presentation\" src=\"https://miro.medium.com/v2/resize:fit:875/1*x3qEaKWyRPXAg1BWqmDsIg.jpeg\" style=\"box-sizing: inherit; width: 680px; max-width: 100%; height: auto;\"></picture></div></div></figure><h1 id=\"b312\" class=\"ach aci wy am acj sr ack ss ky su acl sv ld re acm rf ri sy acn sz tb tc aco td tf acp bq\" data-selectable-paragraph=\"\" style=\"box-sizing: inherit; margin-top: 1.95em; margin-bottom: -0.28em; font-family: sohne, &quot;Helvetica Neue&quot;, Helvetica, Arial, sans-serif; color: rgb(36, 36, 36); line-height: 30px; letter-spacing: -0.016em; font-weight: 600; font-size: 24px;\">The Science of Sleep: A Vital Function</h1><p id=\"18f0\" class=\"pw-post-body-paragraph abb abc wy lu b abd acq abf abg abh acr abj abk le acs abm abn lj act abp abq lo acu abs abt abu id bq\" data-selectable-paragraph=\"\" style=\"box-sizing: inherit; margin-top: 0.94em; margin-bottom: -0.46em; color: rgb(36, 36, 36); word-break: break-word; font-family: source-serif-pro, Georgia, Cambria, &quot;Times New Roman&quot;, Times, serif; line-height: 32px; letter-spacing: -0.003em; font-size: 20px;\">Sleep is not merely a passive state; its an active and dynamic process crucial for our survival. The [Sleep Foundation] elucidates the multifaceted roles sleep plays in our lives:</p><ul class=\"\" style=\"box-sizing: inherit; margin-right: 0px; margin-bottom: 0px; margin-left: 0px; padding: 0px; list-style: none none; color: rgba(0, 0, 0, 0.8); font-family: medium-content-sans-serif-font, -apple-system, BlinkMacSystemFont, &quot;Segoe UI&quot;, Roboto, Oxygen, Ubuntu, Cantarell, &quot;Open Sans&quot;, &quot;Helvetica Neue&quot;, sans-serif; font-size: medium;\"><li id=\"5af4\" class=\"abb abc wy lu b abd abe abf abg abh abi abj abk le abl abm abn lj abo abp abq lo abr abs abt abu ama adf adg bq\" data-selectable-paragraph=\"\" style=\"box-sizing: inherit; color: rgb(36, 36, 36); font-family: source-serif-pro, Georgia, Cambria, &quot;Times New Roman&quot;, Times, serif; line-height: 32px; letter-spacing: -0.003em; margin-bottom: -0.46em; margin-left: 30px; padding-left: 0px; list-style-type: disc; font-size: 20px; margin-top: 2.14em;\"><span class=\"lu gl\" style=\"box-sizing: inherit; font-weight: 700;\">Learning and Memory Consolidation</span>: As we drift into dreams, our brain busily processes the days experiences, transforming them into lasting memories.</li><li id=\"ab2b\" class=\"abb abc wy lu b abd adh abf abg abh adi abj abk le adj abm abn lj adk abp abq lo adl abs abt abu ama adf adg bq\" data-selectable-paragraph=\"\" style=\"box-sizing: inherit; color: rgb(36, 36, 36); font-family: source-serif-pro, Georgia, Cambria, &quot;Times New Roman&quot;, Times, serif; line-height: 32px; letter-spacing: -0.003em; margin-bottom: -0.46em; margin-left: 30px; padding-left: 0px; list-style-type: disc; font-size: 20px; margin-top: 1.14em;\"><span class=\"lu gl\" style=\"box-sizing: inherit; font-weight: 700;\">Emotional Regulation</span>: A well-rested mind is better equipped to navigate the complexities of emotions and stress.</li><li id=\"1ec7\" class=\"abb abc wy lu b abd adh abf abg abh adi abj abk le adj abm abn lj adk abp abq lo adl abs abt abu ama adf adg bq\" data-selectable-paragraph=\"\" style=\"box-sizing: inherit; color: rgb(36, 36, 36); font-family: source-serif-pro, Georgia, Cambria, &quot;Times New Roman&quot;, Times, serif; line-height: 32px; letter-spacing: -0.003em; margin-bottom: -0.46em; margin-left: 30px; padding-left: 0px; list-style-type: disc; font-size: 20px; margin-top: 1.14em;\"><span class=\"lu gl\" style=\"box-sizing: inherit; font-weight: 700;\">Judgment and Decision Making</span>: Sleep sharpens our ability to assess situations and make sound choices.</li><li id=\"ca94\" class=\"abb abc wy lu b abd adh abf abg abh adi abj abk le adj abm abn lj adk abp abq lo adl abs abt abu ama adf adg bq\" data-selectable-paragraph=\"\" style=\"box-sizing: inherit; color: rgb(36, 36, 36); font-family: source-serif-pro, Georgia, Cambria, &quot;Times New Roman&quot;, Times, serif; line-height: 32px; letter-spacing: -0.003em; margin-bottom: -0.46em; margin-left: 30px; padding-left: 0px; list-style-type: disc; font-size: 20px; margin-top: 1.14em;\"><span class=\"lu gl\" style=\"box-sizing: inherit; font-weight: 700;\">Growth and Healing</span>: During sleep, our bodies release growth hormones, essential for repair and rejuvenation.</li></ul><p id=\"7921\" class=\"pw-post-body-paragraph abb abc wy lu b abd abe abf abg abh abi abj abk le abl abm abn lj abo abp abq lo abr abs abt abu id bq\" data-selectable-paragraph=\"\" style=\"box-sizing: inherit; margin-top: 2.14em; margin-bottom: -0.46em; color: rgb(36, 36, 36); word-break: break-word; font-family: source-serif-pro, Georgia, Cambria, &quot;Times New Roman&quot;, Times, serif; line-height: 32px; letter-spacing: -0.003em; font-size: 20px;\">Leonardo da Vinci once said, A well spent day brings happy sleep. This encapsulates the essence of sleeps role in our daily cycle of action and rest.</p><h1 id=\"6f44\" class=\"ach aci wy am acj sr ack ss ky su acl sv ld re acm rf ri sy acn sz tb tc aco td tf acp bq\" data-selectable-paragraph=\"\" style=\"box-sizing: inherit; margin-top: 1.95em; margin-bottom: -0.28em; font-family: sohne, &quot;Helvetica Neue&quot;, Helvetica, Arial, sans-serif; color: rgb(36, 36, 36); line-height: 30px; letter-spacing: -0.016em; font-weight: 600; font-size: 24px;\">Insights from Why We Sleep</h1><figure class=\"abw abx aby abz aca acb kd ke paragraph-image\" style=\"box-sizing: inherit; margin-top: 56px; margin-right: auto; margin-left: auto; clear: both; color: rgba(0, 0, 0, 0.8); font-family: medium-content-sans-serif-font, -apple-system, BlinkMacSystemFont, &quot;Segoe UI&quot;, Roboto, Oxygen, Ubuntu, Cantarell, &quot;Open Sans&quot;, &quot;Helvetica Neue&quot;, sans-serif; font-size: medium;\"><div class=\"kd ke amb\" style=\"box-sizing: inherit; margin-left: auto; margin-right: auto; max-width: 320px;\"><picture style=\"box-sizing: inherit;\"><source srcset=\"https://miro.medium.com/v2/resize:fit:640/format:webp/0*y1RQIZYjC5ge9E-w 640w, https://miro.medium.com/v2/resize:fit:720/format:webp/0*y1RQIZYjC5ge9E-w 720w, https://miro.medium.com/v2/resize:fit:750/format:webp/0*y1RQIZYjC5ge9E-w 750w, https://miro.medium.com/v2/resize:fit:786/format:webp/0*y1RQIZYjC5ge9E-w 786w, https://miro.medium.com/v2/resize:fit:828/format:webp/0*y1RQIZYjC5ge9E-w 828w, https://miro.medium.com/v2/resize:fit:1100/format:webp/0*y1RQIZYjC5ge9E-w 1100w, https://miro.medium.com/v2/resize:fit:640/format:webp/0*y1RQIZYjC5ge9E-w 640w\" sizes=\"(min-resolution: 4dppx) and (max-width: 700px) 50vw, (-webkit-min-device-pixel-ratio: 4) and (max-width: 700px) 50vw, (min-resolution: 3dppx) and (max-width: 700px) 67vw, (-webkit-min-device-pixel-ratio: 3) and (max-width: 700px) 65vw, (min-resolution: 2.5dppx) and (max-width: 700px) 80vw, (-webkit-min-device-pixel-ratio: 2.5) and (max-width: 700px) 80vw, (min-resolution: 2dppx) and (max-width: 700px) 100vw, (-webkit-min-device-pixel-ratio: 2) and (max-width: 700px) 100vw, 320px\" type=\"image/webp\" style=\"box-sizing: inherit;\"><source data-testid=\"og\" srcset=\"https://miro.medium.com/v2/resize:fit:640/0*y1RQIZYjC5ge9E-w 640w, https://miro.medium.com/v2/resize:fit:720/0*y1RQIZYjC5ge9E-w 720w, https://miro.medium.com/v2/resize:fit:750/0*y1RQIZYjC5ge9E-w 750w, https://miro.medium.com/v2/resize:fit:786/0*y1RQIZYjC5ge9E-w 786w, https://miro.medium.com/v2/resize:fit:828/0*y1RQIZYjC5ge9E-w 828w, https://miro.medium.com/v2/resize:fit:1100/0*y1RQIZYjC5ge9E-w 1100w, https://miro.medium.com/v2/resize:fit:640/0*y1RQIZYjC5ge9E-w 640w\" sizes=\"(min-resolution: 4dppx) and (max-width: 700px) 50vw, (-webkit-min-device-pixel-ratio: 4) and (max-width: 700px) 50vw, (min-resolution: 3dppx) and (max-width: 700px) 67vw, (-webkit-min-device-pixel-ratio: 3) and (max-width: 700px) 65vw, (min-resolution: 2.5dppx) and (max-width: 700px) 80vw, (-webkit-min-device-pixel-ratio: 2.5) and (max-width: 700px) 80vw, (min-resolution: 2dppx) and (max-width: 700px) 100vw, (-webkit-min-device-pixel-ratio: 2) and (max-width: 700px) 100vw, 320px\" style=\"box-sizing: inherit;\"><img alt=\"\" class=\"bn zm acg c\" width=\"320\" height=\"189\" loading=\"lazy\" role=\"presentation\" src=\"https://miro.medium.com/v2/resize:fit:400/0*y1RQIZYjC5ge9E-w\" style=\"box-sizing: inherit; width: 320px; max-width: 100%; height: auto;\"></picture></div><figcaption class=\"ada ji adb kd ke adc add am b bm ah aj\" data-selectable-paragraph=\"\" style=\"box-sizing: inherit; line-height: 20px; color: rgb(107, 107, 107); font-family: sohne, &quot;Helvetica Neue&quot;, Helvetica, Arial, sans-serif; font-size: 14px; text-align: center; margin-left: auto; margin-right: auto; margin-top: 10px; max-width: 728px;\">Best book to study</figcaption></figure><p id=\"20ac\" class=\"pw-post-body-paragraph abb abc wy lu b abd abe abf abg abh abi abj abk le abl abm abn lj abo abp abq lo abr abs abt abu id bq\" data-selectable-paragraph=\"\" style=\"box-sizing: inherit; margin-top: 2.14em; margin-bottom: -0.46em; color: rgb(36, 36, 36); word-break: break-word; font-family: source-serif-pro, Georgia, Cambria, &quot;Times New Roman&quot;, Times, serif; line-height: 32px; letter-spacing: -0.003em; font-size: 20px;\">In his groundbreaking book, Why We Sleep, neuroscientist Matthew Walker presents a compelling case for the vital role of sleep. Walker explains that sleep is essential for a wide range of bodily functions and is one of the most significant lifestyle factors determining your health and longevity.</p><p id=\"efc9\" class=\"pw-post-body-paragraph abb abc wy lu b abd abe abf abg abh abi abj abk le abl abm abn lj abo abp abq lo abr abs abt abu id bq\" data-selectable-paragraph=\"\" style=\"box-sizing: inherit; margin-top: 2.14em; margin-bottom: -0.46em; color: rgb(36, 36, 36); word-break: break-word; font-family: source-serif-pro, Georgia, Cambria, &quot;Times New Roman&quot;, Times, serif; line-height: 32px; letter-spacing: -0.003em; font-size: 20px;\">Here are some key takeaways from the book:</p><ul class=\"\" style=\"box-sizing: inherit; margin-right: 0px; margin-bottom: 0px; margin-left: 0px; padding: 0px; list-style: none none; color: rgba(0, 0, 0, 0.8); font-family: medium-content-sans-serif-font, -apple-system, BlinkMacSystemFont, &quot;Segoe UI&quot;, Roboto, Oxygen, Ubuntu, Cantarell, &quot;Open Sans&quot;, &quot;Helvetica Neue&quot;, sans-serif; font-size: medium;\"><li id=\"9cb9\" class=\"abb abc wy lu b abd abe abf abg abh abi abj abk le abl abm abn lj abo abp abq lo abr abs abt abu ama adf adg bq\" data-selectable-paragraph=\"\" style=\"box-sizing: inherit; color: rgb(36, 36, 36); font-family: source-serif-pro, Georgia, Cambria, &quot;Times New Roman&quot;, Times, serif; line-height: 32px; letter-spacing: -0.003em; margin-bottom: -0.46em; margin-left: 30px; padding-left: 0px; list-style-type: disc; font-size: 20px; margin-top: 2.14em;\"><span class=\"lu gl\" style=\"box-sizing: inherit; font-weight: 700;\">Sleep and Health</span>: Shorter sleep durations are linked to a shorter lifespan. Sleep is the most effective thing we can do to reset our brain and body health each day.</li><li id=\"05a1\" class=\"abb abc wy lu b abd adh abf abg abh adi abj abk le adj abm abn lj adk abp abq lo adl abs abt abu ama adf adg bq\" data-selectable-paragraph=\"\" style=\"box-sizing: inherit; color: rgb(36, 36, 36); font-family: source-serif-pro, Georgia, Cambria, &quot;Times New Roman&quot;, Times, serif; line-height: 32px; letter-spacing: -0.003em; margin-bottom: -0.46em; margin-left: 30px; padding-left: 0px; list-style-type: disc; font-size: 20px; margin-top: 1.14em;\"><span class=\"lu gl\" style=\"box-sizing: inherit; font-weight: 700;\">Sleep and Cognitive Function</span>: Sleep affects cognitive and physical performance, both short-term and long-term. It is crucial for memory, creativity, and decision-making.</li><li id=\"d503\" class=\"abb abc wy lu b abd adh abf abg abh adi abj abk le adj abm abn lj adk abp abq lo adl abs abt abu ama adf adg bq\" data-selectable-paragraph=\"\" style=\"box-sizing: inherit; color: rgb(36, 36, 36); font-family: source-serif-pro, Georgia, Cambria, &quot;Times New Roman&quot;, Times, serif; line-height: 32px; letter-spacing: -0.003em; margin-bottom: -0.46em; margin-left: 30px; padding-left: 0px; list-style-type: disc; font-size: 20px; margin-top: 1.14em;\"><span class=\"lu gl\" style=\"box-sizing: inherit; font-weight: 700;\">Sleep Disorders</span>: Addressing sleep disorders such as sleep apnea is not only about improving sleep but also about reducing the risk of chronic diseases.</li></ul><p id=\"9b56\" class=\"pw-post-body-paragraph abb abc wy lu b abd abe abf abg abh abi abj abk le abl abm abn lj abo abp abq lo abr abs abt abu id bq\" data-selectable-paragraph=\"\" style=\"box-sizing: inherit; margin-top: 2.14em; margin-bottom: -0.46em; color: rgb(36, 36, 36); word-break: break-word; font-family: source-serif-pro, Georgia, Cambria, &quot;Times New Roman&quot;, Times, serif; line-height: 32px; letter-spacing: -0.003em; font-size: 20px;\">Walkers research emphasizes that we are in the midst of a sleep-loss epidemic, with dire consequences for our health, our job performance, our relationships, and our happiness.</p><h1 id=\"2d3f\" class=\"ach aci wy am acj sr ack ss ky su acl sv ld re acm rf ri sy acn sz tb tc aco td tf acp bq\" data-selectable-paragraph=\"\" style=\"box-sizing: inherit; margin-top: 1.95em; margin-bottom: -0.28em; font-family: sohne, &quot;Helvetica Neue&quot;, Helvetica, Arial, sans-serif; color: rgb(36, 36, 36); line-height: 30px; letter-spacing: -0.016em; font-weight: 600; font-size: 24px;\">The Health Benefits: More Than Just Rest</h1><figure class=\"abw abx aby abz aca acb kd ke paragraph-image\" style=\"box-sizing: inherit; margin-top: 56px; margin-right: auto; margin-left: auto; clear: both; color: rgba(0, 0, 0, 0.8); font-family: medium-content-sans-serif-font, -apple-system, BlinkMacSystemFont, &quot;Segoe UI&quot;, Roboto, Oxygen, Ubuntu, Cantarell, &quot;Open Sans&quot;, &quot;Helvetica Neue&quot;, sans-serif; font-size: medium;\"><div role=\"button\" tabindex=\"0\" class=\"acc acd by ace bn acf\" style=\"box-sizing: inherit; width: 680px; position: relative; cursor: zoom-in; z-index: auto; transition: transform 300ms cubic-bezier(0.2, 0, 0.2, 1) 0s;\"><div class=\"kd ke abv\" style=\"box-sizing: inherit; margin-left: auto; margin-right: auto; max-width: 1024px;\"><picture style=\"box-sizing: inherit;\"><source srcset=\"https://miro.medium.com/v2/resize:fit:640/format:webp/1*g18Mfs-FAV5o8H6ZjIZOGw.jpeg 640w, https://miro.medium.com/v2/resize:fit:720/format:webp/1*g18Mfs-FAV5o8H6ZjIZOGw.jpeg 720w, https://miro.medium.com/v2/resize:fit:750/format:webp/1*g18Mfs-FAV5o8H6ZjIZOGw.jpeg 750w, https://miro.medium.com/v2/resize:fit:786/format:webp/1*g18Mfs-FAV5o8H6ZjIZOGw.jpeg 786w, https://miro.medium.com/v2/resize:fit:828/format:webp/1*g18Mfs-FAV5o8H6ZjIZOGw.jpeg 828w, https://miro.medium.com/v2/resize:fit:1100/format:webp/1*g18Mfs-FAV5o8H6ZjIZOGw.jpeg 1100w, https://miro.medium.com/v2/resize:fit:1400/format:webp/1*g18Mfs-FAV5o8H6ZjIZOGw.jpeg 1400w\" sizes=\"(min-resolution: 4dppx) and (max-width: 700px) 50vw, (-webkit-min-device-pixel-ratio: 4) and (max-width: 700px) 50vw, (min-resolution: 3dppx) and (max-width: 700px) 67vw, (-webkit-min-device-pixel-ratio: 3) and (max-width: 700px) 65vw, (min-resolution: 2.5dppx) and (max-width: 700px) 80vw, (-webkit-min-device-pixel-ratio: 2.5) and (max-width: 700px) 80vw, (min-resolution: 2dppx) and (max-width: 700px) 100vw, (-webkit-min-device-pixel-ratio: 2) and (max-width: 700px) 100vw, 700px\" type=\"image/webp\" style=\"box-sizing: inherit;\"><source data-testid=\"og\" srcset=\"https://miro.medium.com/v2/resize:fit:640/1*g18Mfs-FAV5o8H6ZjIZOGw.jpeg 640w, https://miro.medium.com/v2/resize:fit:720/1*g18Mfs-FAV5o8H6ZjIZOGw.jpeg 720w, https://miro.medium.com/v2/resize:fit:750/1*g18Mfs-FAV5o8H6ZjIZOGw.jpeg 750w, https://miro.medium.com/v2/resize:fit:786/1*g18Mfs-FAV5o8H6ZjIZOGw.jpeg 786w, https://miro.medium.com/v2/resize:fit:828/1*g18Mfs-FAV5o8H6ZjIZOGw.jpeg 828w, https://miro.medium.com/v2/resize:fit:1100/1*g18Mfs-FAV5o8H6ZjIZOGw.jpeg 1100w, https://miro.medium.com/v2/resize:fit:1400/1*g18Mfs-FAV5o8H6ZjIZOGw.jpeg 1400w\" sizes=\"(min-resolution: 4dppx) and (max-width: 700px) 50vw, (-webkit-min-device-pixel-ratio: 4) and (max-width: 700px) 50vw, (min-resolution: 3dppx) and (max-width: 700px) 67vw, (-webkit-min-device-pixel-ratio: 3) and (max-width: 700px) 65vw, (min-resolution: 2.5dppx) and (max-width: 700px) 80vw, (-webkit-min-device-pixel-ratio: 2.5) and (max-width: 700px) 80vw, (min-resolution: 2dppx) and (max-width: 700px) 100vw, (-webkit-min-device-pixel-ratio: 2) and (max-width: 700px) 100vw, 700px\" style=\"box-sizing: inherit;\"><img alt=\"\" class=\"bn zm acg c\" width=\"700\" height=\"700\" loading=\"lazy\" role=\"presentation\" src=\"https://miro.medium.com/v2/resize:fit:875/1*g18Mfs-FAV5o8H6ZjIZOGw.jpeg\" style=\"box-sizing: inherit; width: 680px; max-width: 100%; height: auto;\"></picture></div></div></figure><p id=\"d026\" class=\"pw-post-body-paragraph abb abc wy lu b abd abe abf abg abh abi abj abk le abl abm abn lj abo abp abq lo abr abs abt abu id bq\" data-selectable-paragraph=\"\" style=\"box-sizing: inherit; margin-top: 2.14em; margin-bottom: -0.46em; color: rgb(36, 36, 36); word-break: break-word; font-family: source-serif-pro, Georgia, Cambria, &quot;Times New Roman&quot;, Times, serif; line-height: 32px; letter-spacing: -0.003em; font-size: 20px;\">The benefits of sleep extend far beyond mere rest. As outlined by the [Sleep Foundation], a good nights sleep can:</p><ul class=\"\" style=\"box-sizing: inherit; margin-right: 0px; margin-bottom: 0px; margin-left: 0px; padding: 0px; list-style: none none; color: rgba(0, 0, 0, 0.8); font-family: medium-content-sans-serif-font, -apple-system, BlinkMacSystemFont, &quot;Segoe UI&quot;, Roboto, Oxygen, Ubuntu, Cantarell, &quot;Open Sans&quot;, &quot;Helvetica Neue&quot;, sans-serif; font-size: medium;\"><li id=\"2a28\" class=\"abb abc wy lu b abd abe abf abg abh abi abj abk le abl abm abn lj abo abp abq lo abr abs abt abu ama adf adg bq\" data-selectable-paragraph=\"\" style=\"box-sizing: inherit; color: rgb(36, 36, 36); font-family: source-serif-pro, Georgia, Cambria, &quot;Times New Roman&quot;, Times, serif; line-height: 32px; letter-spacing: -0.003em; margin-bottom: -0.46em; margin-left: 30px; padding-left: 0px; list-style-type: disc; font-size: 20px; margin-top: 2.14em;\">Enhance mood and energy levels</li><li id=\"2bfe\" class=\"abb abc wy lu b abd adh abf abg abh adi abj abk le adj abm abn lj adk abp abq lo adl abs abt abu ama adf adg bq\" data-selectable-paragraph=\"\" style=\"box-sizing: inherit; color: rgb(36, 36, 36); font-family: source-serif-pro, Georgia, Cambria, &quot;Times New Roman&quot;, Times, serif; line-height: 32px; letter-spacing: -0.003em; margin-bottom: -0.46em; margin-left: 30px; padding-left: 0px; list-style-type: disc; font-size: 20px; margin-top: 1.14em;\">Promote cardiac health by allowing the heart to rest</li><li id=\"e5a5\" class=\"abb abc wy lu b abd adh abf abg abh adi abj abk le adj abm abn lj adk abp abq lo adl abs abt abu ama adf adg bq\" data-selectable-paragraph=\"\" style=\"box-sizing: inherit; color: rgb(36, 36, 36); font-family: source-serif-pro, Georgia, Cambria, &quot;Times New Roman&quot;, Times, serif; line-height: 32px; letter-spacing: -0.003em; margin-bottom: -0.46em; margin-left: 30px; padding-left: 0px; list-style-type: disc; font-size: 20px; margin-top: 1.14em;\">Regulate blood sugar and reduce the risk of Type 2 diabetes</li><li id=\"4a77\" class=\"abb abc wy lu b abd adh abf abg abh adi abj abk le adj abm abn lj adk abp abq lo adl abs abt abu ama adf adg bq\" data-selectable-paragraph=\"\" style=\"box-sizing: inherit; color: rgb(36, 36, 36); font-family: source-serif-pro, Georgia, Cambria, &quot;Times New Roman&quot;, Times, serif; line-height: 32px; letter-spacing: -0.003em; margin-bottom: -0.46em; margin-left: 30px; padding-left: 0px; list-style-type: disc; font-size: 20px; margin-top: 1.14em;\">Improve mental functions like problem-solving and decision-making</li></ul><p id=\"6d24\" class=\"pw-post-body-paragraph abb abc wy lu b abd abe abf abg abh abi abj abk le abl abm abn lj abo abp abq lo abr abs abt abu id bq\" data-selectable-paragraph=\"\" style=\"box-sizing: inherit; margin-top: 2.14em; margin-bottom: -0.46em; color: rgb(36, 36, 36); word-break: break-word; font-family: source-serif-pro, Georgia, Cambria, &quot;Times New Roman&quot;, Times, serif; line-height: 32px; letter-spacing: -0.003em; font-size: 20px;\">Thomas Dekker beautifully expressed this sentiment: Sleep is the golden chain that ties health and our bodies together.</p><h1 id=\"a75d\" class=\"ach aci wy am acj sr ack ss ky su acl sv ld re acm rf ri sy acn sz tb tc aco td tf acp bq\" data-selectable-paragraph=\"\" style=\"box-sizing: inherit; margin-top: 1.95em; margin-bottom: -0.28em; font-family: sohne, &quot;Helvetica Neue&quot;, Helvetica, Arial, sans-serif; color: rgb(36, 36, 36); line-height: 30px; letter-spacing: -0.016em; font-weight: 600; font-size: 24px;\">Groundbreaking Research: Unveiling Sleeps Mysteries</h1><figure class=\"abw abx aby abz aca acb kd ke paragraph-image\" style=\"box-sizing: inherit; margin-top: 56px; margin-right: auto; margin-left: auto; clear: both; color: rgba(0, 0, 0, 0.8); font-family: medium-content-sans-serif-font, -apple-system, BlinkMacSystemFont, &quot;Segoe UI&quot;, Roboto, Oxygen, Ubuntu, Cantarell, &quot;Open Sans&quot;, &quot;Helvetica Neue&quot;, sans-serif; font-size: medium;\"><div role=\"button\" tabindex=\"0\" class=\"acc acd by ace bn acf\" style=\"box-sizing: inherit; width: 680px; position: relative; cursor: zoom-in; z-index: auto; transition: transform 300ms cubic-bezier(0.2, 0, 0.2, 1) 0s;\"><div class=\"kd ke abv\" style=\"box-sizing: inherit; margin-left: auto; margin-right: auto; max-width: 1024px;\"><picture style=\"box-sizing: inherit;\"><source srcset=\"https://miro.medium.com/v2/resize:fit:640/format:webp/1*HkA-RcYmMrahXV__UfW7OQ.jpeg 640w, https://miro.medium.com/v2/resize:fit:720/format:webp/1*HkA-RcYmMrahXV__UfW7OQ.jpeg 720w, https://miro.medium.com/v2/resize:fit:750/format:webp/1*HkA-RcYmMrahXV__UfW7OQ.jpeg 750w, https://miro.medium.com/v2/resize:fit:786/format:webp/1*HkA-RcYmMrahXV__UfW7OQ.jpeg 786w, https://miro.medium.com/v2/resize:fit:828/format:webp/1*HkA-RcYmMrahXV__UfW7OQ.jpeg 828w, https://miro.medium.com/v2/resize:fit:1100/format:webp/1*HkA-RcYmMrahXV__UfW7OQ.jpeg 1100w, https://miro.medium.com/v2/resize:fit:1400/format:webp/1*HkA-RcYmMrahXV__UfW7OQ.jpeg 1400w\" sizes=\"(min-resolution: 4dppx) and (max-width: 700px) 50vw, (-webkit-min-device-pixel-ratio: 4) and (max-width: 700px) 50vw, (min-resolution: 3dppx) and (max-width: 700px) 67vw, (-webkit-min-device-pixel-ratio: 3) and (max-width: 700px) 65vw, (min-resolution: 2.5dppx) and (max-width: 700px) 80vw, (-webkit-min-device-pixel-ratio: 2.5) and (max-width: 700px) 80vw, (min-resolution: 2dppx) and (max-width: 700px) 100vw, (-webkit-min-device-pixel-ratio: 2) and (max-width: 700px) 100vw, 700px\" type=\"image/webp\" style=\"box-sizing: inherit;\"><source data-testid=\"og\" srcset=\"https://miro.medium.com/v2/resize:fit:640/1*HkA-RcYmMrahXV__UfW7OQ.jpeg 640w, https://miro.medium.com/v2/resize:fit:720/1*HkA-RcYmMrahXV__UfW7OQ.jpeg 720w, https://miro.medium.com/v2/resize:fit:750/1*HkA-RcYmMrahXV__UfW7OQ.jpeg 750w, https://miro.medium.com/v2/resize:fit:786/1*HkA-RcYmMrahXV__UfW7OQ.jpeg 786w, https://miro.medium.com/v2/resize:fit:828/1*HkA-RcYmMrahXV__UfW7OQ.jpeg 828w, https://miro.medium.com/v2/resize:fit:1100/1*HkA-RcYmMrahXV__UfW7OQ.jpeg 1100w, https://miro.medium.com/v2/resize:fit:1400/1*HkA-RcYmMrahXV__UfW7OQ.jpeg 1400w\" sizes=\"(min-resolution: 4dppx) and (max-width: 700px) 50vw, (-webkit-min-device-pixel-ratio: 4) and (max-width: 700px) 50vw, (min-resolution: 3dppx) and (max-width: 700px) 67vw, (-webkit-min-device-pixel-ratio: 3) and (max-width: 700px) 65vw, (min-resolution: 2.5dppx) and (max-width: 700px) 80vw, (-webkit-min-device-pixel-ratio: 2.5) and (max-width: 700px) 80vw, (min-resolution: 2dppx) and (max-width: 700px) 100vw, (-webkit-min-device-pixel-ratio: 2) and (max-width: 700px) 100vw, 700px\" style=\"box-sizing: inherit;\"><img alt=\"\" class=\"bn zm acg c\" width=\"700\" height=\"700\" loading=\"lazy\" role=\"presentation\" src=\"https://miro.medium.com/v2/resize:fit:875/1*HkA-RcYmMrahXV__UfW7OQ.jpeg\" style=\"box-sizing: inherit; width: 680px; max-width: 100%; height: auto;\"></picture></div></div></figure><p id=\"6a85\" class=\"pw-post-body-paragraph abb abc wy lu b abd abe abf abg abh abi abj abk le abl abm abn lj abo abp abq lo abr abs abt abu id bq\" data-selectable-paragraph=\"\" style=\"box-sizing: inherit; margin-top: 2.14em; margin-bottom: -0.46em; color: rgb(36, 36, 36); word-break: break-word; font-family: source-serif-pro, Georgia, Cambria, &quot;Times New Roman&quot;, Times, serif; line-height: 32px; letter-spacing: -0.003em; font-size: 20px;\">Recent studies funded by the National Heart, Lung, and Blood Institute (NHLBI) have shed light on the critical importance of sleep:</p><ul class=\"\" style=\"box-sizing: inherit; margin-right: 0px; margin-bottom: 0px; margin-left: 0px; padding: 0px; list-style: none none; color: rgba(0, 0, 0, 0.8); font-family: medium-content-sans-serif-font, -apple-system, BlinkMacSystemFont, &quot;Segoe UI&quot;, Roboto, Oxygen, Ubuntu, Cantarell, &quot;Open Sans&quot;, &quot;Helvetica Neue&quot;, sans-serif; font-size: medium;\"><li id=\"6ff3\" class=\"abb abc wy lu b abd abe abf abg abh abi abj abk le abl abm abn lj abo abp abq lo abr abs abt abu ama adf adg bq\" data-selectable-paragraph=\"\" style=\"box-sizing: inherit; color: rgb(36, 36, 36); font-family: source-serif-pro, Georgia, Cambria, &quot;Times New Roman&quot;, Times, serif; line-height: 32px; letter-spacing: -0.003em; margin-bottom: -0.46em; margin-left: 30px; padding-left: 0px; list-style-type: disc; font-size: 20px; margin-top: 2.14em;\"><span class=\"lu gl\" style=\"box-sizing: inherit; font-weight: 700;\">Obesity and Blood Pressure</span>: Adults who regularly sleep 78 hours a night have a lower risk of obesity and high blood pressure.</li><li id=\"b7d5\" class=\"abb abc wy lu b abd adh abf abg abh adi abj abk le adj abm abn lj adk abp abq lo adl abs abt abu ama adf adg bq\" data-selectable-paragraph=\"\" style=\"box-sizing: inherit; color: rgb(36, 36, 36); font-family: source-serif-pro, Georgia, Cambria, &quot;Times New Roman&quot;, Times, serif; line-height: 32px; letter-spacing: -0.003em; margin-bottom: -0.46em; margin-left: 30px; padding-left: 0px; list-style-type: disc; font-size: 20px; margin-top: 1.14em;\"><span class=\"lu gl\" style=\"box-sizing: inherit; font-weight: 700;\">Sleep Apnea and Heart Rhythm</span>: Untreated sleep apnea increases the risk for new onset atrial fibrillation.</li><li id=\"12bd\" class=\"abb abc wy lu b abd adh abf abg abh adi abj abk le adj abm abn lj adk abp abq lo adl abs abt abu ama adf adg bq\" data-selectable-paragraph=\"\" style=\"box-sizing: inherit; color: rgb(36, 36, 36); font-family: source-serif-pro, Georgia, Cambria, &quot;Times New Roman&quot;, Times, serif; line-height: 32px; letter-spacing: -0.003em; margin-bottom: -0.46em; margin-left: 30px; padding-left: 0px; list-style-type: disc; font-size: 20px; margin-top: 1.14em;\"><span class=\"lu gl\" style=\"box-sizing: inherit; font-weight: 700;\">Pregnancy and Health Risks</span>: Research also indicates that untreated sleep apnea can increase the risk for high blood pressure and diabetes during pregnancy.</li></ul><p id=\"6ac9\" class=\"pw-post-body-paragraph abb abc wy lu b abd abe abf abg abh abi abj abk le abl abm abn lj abo abp abq lo abr abs abt abu id bq\" data-selectable-paragraph=\"\" style=\"box-sizing: inherit; margin-top: 2.14em; margin-bottom: -0.46em; color: rgb(36, 36, 36); word-break: break-word; font-family: source-serif-pro, Georgia, Cambria, &quot;Times New Roman&quot;, Times, serif; line-height: 32px; letter-spacing: -0.003em; font-size: 20px;\">These findings underscore the intricate link between sleep and our physical health, highlighting the necessity of adequate rest.</p><h1 id=\"c314\" class=\"ach aci wy am acj sr ack ss ky su acl sv ld re acm rf ri sy acn sz tb tc aco td tf acp bq\" data-selectable-paragraph=\"\" style=\"box-sizing: inherit; margin-top: 1.95em; margin-bottom: -0.28em; font-family: sohne, &quot;Helvetica Neue&quot;, Helvetica, Arial, sans-serif; color: rgb(36, 36, 36); line-height: 30px; letter-spacing: -0.016em; font-weight: 600; font-size: 24px;\">The Philosophical Perspective: Sleep as a Reflection of Existence</h1><figure class=\"abw abx aby abz aca acb kd ke paragraph-image\" style=\"box-sizing: inherit; margin-top: 56px; margin-right: auto; margin-left: auto; clear: both; color: rgba(0, 0, 0, 0.8); font-family: medium-content-sans-serif-font, -apple-system, BlinkMacSystemFont, &quot;Segoe UI&quot;, Roboto, Oxygen, Ubuntu, Cantarell, &quot;Open Sans&quot;, &quot;Helvetica Neue&quot;, sans-serif; font-size: medium;\"><div role=\"button\" tabindex=\"0\" class=\"acc acd by ace bn acf\" style=\"box-sizing: inherit; width: 680px; position: relative; cursor: zoom-in; z-index: auto; transition: transform 300ms cubic-bezier(0.2, 0, 0.2, 1) 0s;\"><div class=\"kd ke abv\" style=\"box-sizing: inherit; margin-left: auto; margin-right: auto; max-width: 1024px;\"><picture style=\"box-sizing: inherit;\"><source srcset=\"https://miro.medium.com/v2/resize:fit:640/format:webp/1*862wdzAux4FW_IgrLx02Pg.jpeg 640w, https://miro.medium.com/v2/resize:fit:720/format:webp/1*862wdzAux4FW_IgrLx02Pg.jpeg 720w, https://miro.medium.com/v2/resize:fit:750/format:webp/1*862wdzAux4FW_IgrLx02Pg.jpeg 750w, https://miro.medium.com/v2/resize:fit:786/format:webp/1*862wdzAux4FW_IgrLx02Pg.jpeg 786w, https://miro.medium.com/v2/resize:fit:828/format:webp/1*862wdzAux4FW_IgrLx02Pg.jpeg 828w, https://miro.medium.com/v2/resize:fit:1100/format:webp/1*862wdzAux4FW_IgrLx02Pg.jpeg 1100w, https://miro.medium.com/v2/resize:fit:1400/format:webp/1*862wdzAux4FW_IgrLx02Pg.jpeg 1400w\" sizes=\"(min-resolution: 4dppx) and (max-width: 700px) 50vw, (-webkit-min-device-pixel-ratio: 4) and (max-width: 700px) 50vw, (min-resolution: 3dppx) and (max-width: 700px) 67vw, (-webkit-min-device-pixel-ratio: 3) and (max-width: 700px) 65vw, (min-resolution: 2.5dppx) and (max-width: 700px) 80vw, (-webkit-min-device-pixel-ratio: 2.5) and (max-width: 700px) 80vw, (min-resolution: 2dppx) and (max-width: 700px) 100vw, (-webkit-min-device-pixel-ratio: 2) and (max-width: 700px) 100vw, 700px\" type=\"image/webp\" style=\"box-sizing: inherit;\"><source data-testid=\"og\" srcset=\"https://miro.medium.com/v2/resize:fit:640/1*862wdzAux4FW_IgrLx02Pg.jpeg 640w, https://miro.medium.com/v2/resize:fit:720/1*862wdzAux4FW_IgrLx02Pg.jpeg 720w, https://miro.medium.com/v2/resize:fit:750/1*862wdzAux4FW_IgrLx02Pg.jpeg 750w, https://miro.medium.com/v2/resize:fit:786/1*862wdzAux4FW_IgrLx02Pg.jpeg 786w, https://miro.medium.com/v2/resize:fit:828/1*862wdzAux4FW_IgrLx02Pg.jpeg 828w, https://miro.medium.com/v2/resize:fit:1100/1*862wdzAux4FW_IgrLx02Pg.jpeg 1100w, https://miro.medium.com/v2/resize:fit:1400/1*862wdzAux4FW_IgrLx02Pg.jpeg 1400w\" sizes=\"(min-resolution: 4dppx) and (max-width: 700px) 50vw, (-webkit-min-device-pixel-ratio: 4) and (max-width: 700px) 50vw, (min-resolution: 3dppx) and (max-width: 700px) 67vw, (-webkit-min-device-pixel-ratio: 3) and (max-width: 700px) 65vw, (min-resolution: 2.5dppx) and (max-width: 700px) 80vw, (-webkit-min-device-pixel-ratio: 2.5) and (max-width: 700px) 80vw, (min-resolution: 2dppx) and (max-width: 700px) 100vw, (-webkit-min-device-pixel-ratio: 2) and (max-width: 700px) 100vw, 700px\" style=\"box-sizing: inherit;\"><img alt=\"\" class=\"bn zm acg c\" width=\"700\" height=\"700\" loading=\"lazy\" role=\"presentation\" src=\"https://miro.medium.com/v2/resize:fit:875/1*862wdzAux4FW_IgrLx02Pg.jpeg\" style=\"box-sizing: inherit; width: 680px; max-width: 100%; height: auto;\"></picture></div></div></figure><p id=\"7b70\" class=\"pw-post-body-paragraph abb abc wy lu b abd abe abf abg abh abi abj abk le abl abm abn lj abo abp abq lo abr abs abt abu id bq\" data-selectable-paragraph=\"\" style=\"box-sizing: inherit; margin-top: 2.14em; margin-bottom: -0.46em; color: rgb(36, 36, 36); word-break: break-word; font-family: source-serif-pro, Georgia, Cambria, &quot;Times New Roman&quot;, Times, serif; line-height: 32px; letter-spacing: -0.003em; font-size: 20px;\">Sleep also holds a philosophical significance, offering a respite from the waking world and a space for introspection. William Shakespeare mused, We are such stuff as dreams are made on; and our little life is rounded with a sleep. This highlights sleeps role in the grand tapestry of life, where dreams and reality intertwine.</p><p id=\"d48d\" class=\"pw-post-body-paragraph abb abc wy lu b abd abe abf abg abh abi abj abk le abl abm abn lj abo abp abq lo abr abs abt abu id bq\" data-selectable-paragraph=\"\" style=\"box-sizing: inherit; margin-top: 2.14em; margin-bottom: -0.46em; color: rgb(36, 36, 36); word-break: break-word; font-family: source-serif-pro, Georgia, Cambria, &quot;Times New Roman&quot;, Times, serif; line-height: 32px; letter-spacing: -0.003em; font-size: 20px;\"><span class=\"lu gl\" style=\"box-sizing: inherit; font-weight: 700;\">Rama</span>&nbsp;reminds us that sleep is a time to shed ignorance and embrace learning: The scriptures say to wake up from the deep sleep of ignorance, remain fully awake, remain conscious, &amp; go on learning.</p><p id=\"fe6c\" class=\"pw-post-body-paragraph abb abc wy lu b abd abe abf abg abh abi abj abk le abl abm abn lj abo abp abq lo abr abs abt abu id bq\" data-selectable-paragraph=\"\" style=\"box-sizing: inherit; margin-top: 2.14em; margin-bottom: -0.46em; color: rgb(36, 36, 36); word-break: break-word; font-family: source-serif-pro, Georgia, Cambria, &quot;Times New Roman&quot;, Times, serif; line-height: 32px; letter-spacing: -0.003em; font-size: 20px;\"><span class=\"lu gl\" style=\"box-sizing: inherit; font-weight: 700;\">Krishna</span>&nbsp;speaks to the vitality of wakefulness: Wakefulness is the way to life. The fool sleeps as if he were already dead, but the master is awake and he lives forever.</p><h1 id=\"8092\" class=\"ach aci wy am acj sr ack ss ky su acl sv ld re acm rf ri sy acn sz tb tc aco td tf acp bq\" data-selectable-paragraph=\"\" style=\"box-sizing: inherit; margin-top: 1.95em; margin-bottom: -0.28em; font-family: sohne, &quot;Helvetica Neue&quot;, Helvetica, Arial, sans-serif; color: rgb(36, 36, 36); line-height: 30px; letter-spacing: -0.016em; font-weight: 600; font-size: 24px;\">The Cultural Tapestry of Sleep</h1><p id=\"9199\" class=\"pw-post-body-paragraph abb abc wy lu b abd acq abf abg abh acr abj abk le acs abm abn lj act abp abq lo acu abs abt abu id bq\" data-selectable-paragraph=\"\" style=\"box-sizing: inherit; margin-top: 0.94em; margin-bottom: -0.46em; color: rgb(36, 36, 36); word-break: break-word; font-family: source-serif-pro, Georgia, Cambria, &quot;Times New Roman&quot;, Times, serif; line-height: 32px; letter-spacing: -0.003em; font-size: 20px;\">Sleeps embrace is a universal experience, yet it is woven differently into the cultural tapestry of societies around the world. Historical perspectives show that sleep has always been a significant part of human life, influencing and being influenced by culture. For instance, in some cultures, afternoon siestas are a cherished tradition, reflecting a societal rhythm attuned to natural cycles of rest and activity. In others, bedtime stories and lullabies passed down through generations serve as a testament to the cultural importance of guiding the young into peaceful slumber.</p><figure class=\"abw abx aby abz aca acb kd ke paragraph-image\" style=\"box-sizing: inherit; margin-top: 56px; margin-right: auto; margin-left: auto; clear: both; color: rgba(0, 0, 0, 0.8); font-family: medium-content-sans-serif-font, -apple-system, BlinkMacSystemFont, &quot;Segoe UI&quot;, Roboto, Oxygen, Ubuntu, Cantarell, &quot;Open Sans&quot;, &quot;Helvetica Neue&quot;, sans-serif; font-size: medium;\"><div role=\"button\" tabindex=\"0\" class=\"acc acd by ace bn acf\" style=\"box-sizing: inherit; width: 680px; position: relative; cursor: zoom-in; z-index: auto; transition: transform 300ms cubic-bezier(0.2, 0, 0.2, 1) 0s;\"><div class=\"kd ke abv\" style=\"box-sizing: inherit; margin-left: auto; margin-right: auto; max-width: 1024px;\"><picture style=\"box-sizing: inherit;\"><source srcset=\"https://miro.medium.com/v2/resize:fit:640/format:webp/1*GAmKNvIi5E3jrN3bFyXeew.jpeg 640w, https://miro.medium.com/v2/resize:fit:720/format:webp/1*GAmKNvIi5E3jrN3bFyXeew.jpeg 720w, https://miro.medium.com/v2/resize:fit:750/format:webp/1*GAmKNvIi5E3jrN3bFyXeew.jpeg 750w, https://miro.medium.com/v2/resize:fit:786/format:webp/1*GAmKNvIi5E3jrN3bFyXeew.jpeg 786w, https://miro.medium.com/v2/resize:fit:828/format:webp/1*GAmKNvIi5E3jrN3bFyXeew.jpeg 828w, https://miro.medium.com/v2/resize:fit:1100/format:webp/1*GAmKNvIi5E3jrN3bFyXeew.jpeg 1100w, https://miro.medium.com/v2/resize:fit:1400/format:webp/1*GAmKNvIi5E3jrN3bFyXeew.jpeg 1400w\" sizes=\"(min-resolution: 4dppx) and (max-width: 700px) 50vw, (-webkit-min-device-pixel-ratio: 4) and (max-width: 700px) 50vw, (min-resolution: 3dppx) and (max-width: 700px) 67vw, (-webkit-min-device-pixel-ratio: 3) and (max-width: 700px) 65vw, (min-resolution: 2.5dppx) and (max-width: 700px) 80vw, (-webkit-min-device-pixel-ratio: 2.5) and (max-width: 700px) 80vw, (min-resolution: 2dppx) and (max-width: 700px) 100vw, (-webkit-min-device-pixel-ratio: 2) and (max-width: 700px) 100vw, 700px\" type=\"image/webp\" style=\"box-sizing: inherit;\"><source data-testid=\"og\" srcset=\"https://miro.medium.com/v2/resize:fit:640/1*GAmKNvIi5E3jrN3bFyXeew.jpeg 640w, https://miro.medium.com/v2/resize:fit:720/1*GAmKNvIi5E3jrN3bFyXeew.jpeg 720w, https://miro.medium.com/v2/resize:fit:750/1*GAmKNvIi5E3jrN3bFyXeew.jpeg 750w, https://miro.medium.com/v2/resize:fit:786/1*GAmKNvIi5E3jrN3bFyXeew.jpeg 786w, https://miro.medium.com/v2/resize:fit:828/1*GAmKNvIi5E3jrN3bFyXeew.jpeg 828w, https://miro.medium.com/v2/resize:fit:1100/1*GAmKNvIi5E3jrN3bFyXeew.jpeg 1100w, https://miro.medium.com/v2/resize:fit:1400/1*GAmKNvIi5E3jrN3bFyXeew.jpeg 1400w\" sizes=\"(min-resolution: 4dppx) and (max-width: 700px) 50vw, (-webkit-min-device-pixel-ratio: 4) and (max-width: 700px) 50vw, (min-resolution: 3dppx) and (max-width: 700px) 67vw, (-webkit-min-device-pixel-ratio: 3) and (max-width: 700px) 65vw, (min-resolution: 2.5dppx) and (max-width: 700px) 80vw, (-webkit-min-device-pixel-ratio: 2.5) and (max-width: 700px) 80vw, (min-resolution: 2dppx) and (max-width: 700px) 100vw, (-webkit-min-device-pixel-ratio: 2) and (max-width: 700px) 100vw, 700px\" style=\"box-sizing: inherit;\"><img alt=\"\" class=\"bn zm acg c\" width=\"700\" height=\"700\" loading=\"lazy\" role=\"presentation\" src=\"https://miro.medium.com/v2/resize:fit:875/1*GAmKNvIi5E3jrN3bFyXeew.jpeg\" style=\"box-sizing: inherit; width: 680px; max-width: 100%; height: auto;\"></picture></div></div></figure><p id=\"431a\" class=\"pw-post-body-paragraph abb abc wy lu b abd abe abf abg abh abi abj abk le abl abm abn lj abo abp abq lo abr abs abt abu id bq\" data-selectable-paragraph=\"\" style=\"box-sizing: inherit; margin-top: 2.14em; margin-bottom: -0.46em; color: rgb(36, 36, 36); word-break: break-word; font-family: source-serif-pro, Georgia, Cambria, &quot;Times New Roman&quot;, Times, serif; line-height: 32px; letter-spacing: -0.003em; font-size: 20px;\">The cultural significance of sleep extends to the realm of dreams, often seen as messages from the divine or windows into the subconscious. Many indigenous cultures hold dreams in high regard, using them as guidance for personal growth and community decisions.</p><p id=\"a4ae\" class=\"pw-post-body-paragraph abb abc wy lu b abd abe abf abg abh abi abj abk le abl abm abn lj abo abp abq lo abr abs abt abu id bq\" data-selectable-paragraph=\"\" style=\"box-sizing: inherit; margin-top: 2.14em; margin-bottom: -0.46em; color: rgb(36, 36, 36); word-break: break-word; font-family: source-serif-pro, Georgia, Cambria, &quot;Times New Roman&quot;, Times, serif; line-height: 32px; letter-spacing: -0.003em; font-size: 20px;\"><span class=\"lu gl\" style=\"box-sizing: inherit; font-weight: 700;\">Buddha</span>&nbsp;warns of the perils of spiritual slumber: If you sleep, Desire grows in you Like a vine in the forest. Like a monkey in the forest You jump from tree to tree, Never finding the fruit  From life to life, Never finding peace.</p><p id=\"f274\" class=\"pw-post-body-paragraph abb abc wy lu b abd abe abf abg abh abi abj abk le abl abm abn lj abo abp abq lo abr abs abt abu id bq\" data-selectable-paragraph=\"\" style=\"box-sizing: inherit; margin-top: 2.14em; margin-bottom: -0.46em; color: rgb(36, 36, 36); word-break: break-word; font-family: source-serif-pro, Georgia, Cambria, &quot;Times New Roman&quot;, Times, serif; line-height: 32px; letter-spacing: -0.003em; font-size: 20px;\"><span class=\"lu gl\" style=\"box-sizing: inherit; font-weight: 700;\">Osho</span>&nbsp;reflects on the necessity of sleep for living fully: The person who cannot sleep rightly cannot live rightly. Sleep is not a waste of time. The eight hours of sleep are not being wasted; rather, because of those eight hours, you are able to stay awake for sixteen hours.</p><h1 id=\"4d08\" class=\"ach aci wy am acj sr ack ss ky su acl sv ld re acm rf ri sy acn sz tb tc aco td tf acp bq\" data-selectable-paragraph=\"\" style=\"box-sizing: inherit; margin-top: 1.95em; margin-bottom: -0.28em; font-family: sohne, &quot;Helvetica Neue&quot;, Helvetica, Arial, sans-serif; color: rgb(36, 36, 36); line-height: 30px; letter-spacing: -0.016em; font-weight: 600; font-size: 24px;\">Conclusion: Embracing the Night</h1><p id=\"34ce\" class=\"pw-post-body-paragraph abb abc wy lu b abd acq abf abg abh acr abj abk le acs abm abn lj act abp abq lo acu abs abt abu id bq\" data-selectable-paragraph=\"\" style=\"box-sizing: inherit; margin-top: 0.94em; margin-bottom: -0.46em; color: rgb(36, 36, 36); word-break: break-word; font-family: source-serif-pro, Georgia, Cambria, &quot;Times New Roman&quot;, Times, serif; line-height: 32px; letter-spacing: -0.003em; font-size: 20px;\">In conclusion, sleep is a cornerstone of health and happiness, a powerful ally in our quest for a balanced life, and a rich cultural heritage that we all share. As we embrace the night and surrender to sleep, we allow ourselves to be renewed and prepared for the challenges of a new day.</p>",
    "author": 3,
    "status": "PB"
  }
},
{
  "model": "blog.post",
  "pk": 18,
  "fields": {
    "title": "checking time",
    "slug": "checking-time",
    "publish": "2024-06-11T16:56:07.719Z",
    "created": "2024-06-11T16:56:07.715Z",
    "updated": "2024-06-11T16:56:07.715Z",
    "body": "<p>I am only <b>checking</b> the <u>publish time</u> problem in my blog <font color=\"#000000\" style=\"background-color: rgb(255, 0, 0);\">app</font></p>",
    "author": 2,
    "status": "PB"
  }
},
{
  "model": "blog.post",
  "pk": 19,
  "fields": {
    "title": "Again checking time",
    "slug": "again-checking-time",
    "publish": "2024-06-11T16:57:38.936Z",
    "created": "2024-06-11T16:57:38.934Z",
    "updated": "2024-06-11T16:57:38.934Z",
    "body": "<pre class=\"\"><b>Still</b> working?</pre>",
    "author": 2,
    "status": "PB"
  }
},
{
  "model": "blog.post",
  "pk": 20,
  "fields": {
    "title": "Checking about the author field",
    "slug": "checking-about-the-author-field",
    "publish": "2024-06-11T17:09:00.411Z",
    "created": "2024-06-11T17:09:00.410Z",
    "updated": "2024-06-11T17:09:00.410Z",
    "body": "<p>Is author available i guess yes</p>",
    "author": 2,
    "status": "PB"
  }
},
{
  "model": "blog.comment",
  "pk": 1,
  "fields": {
    "post": 14,
    "name": "your_site",
    "body": "chrckung",
    "created": "2024-06-03T09:27:20.608Z",
    "updated": "2024-06-03T09:27:20.608Z",
    "active": true
  }
},
{
  "model": "blog.comment",
  "pk": 2,
  "fields": {
    "post": 17,
    "name": "tea",
    "body": "fef",
    "created": "2024-06-03T10:04:53.999Z",
    "updated": "2024-06-03T10:04:53.999Z",
    "active": true
  }
},
{
  "model": "blog.comment",
  "pk": 3,
  "fields": {
    "post": 17,
    "name": "ripple",
    "body": "check if the comment is working...",
    "created": "2024-06-03T14:21:36.162Z",
    "updated": "2024-06-03T14:21:36.162Z",
    "active": true
  }
},
{
  "model": "blog.comment",
  "pk": 4,
  "fields": {
    "post": 17,
    "name": "ripple",
    "body": "ripple le",
    "created": "2024-06-18T14:00:38.982Z",
    "updated": "2024-06-18T14:00:38.982Z",
    "active": true
  }
},
{
  "model": "blog.comment",
  "pk": 5,
  "fields": {
    "post": 17,
    "name": "ripple",
    "body": "cheking redirect",
    "created": "2024-06-24T08:59:44.044Z",
    "updated": "2024-06-24T08:59:44.044Z",
    "active": true
  }
},
{
  "model": "shop.category",
  "pk": 1,
  "fields": {
    "name": "Electronics",
    "slug": "electronics"
  }
},
{
  "model": "shop.category",
  "pk": 2,
  "fields": {
    "name": "Fashion",
    "slug": "fashion"
  }
},
{
  "model": "shop.product",
  "pk": 1,
  "fields": {
    "category": 1,
    "name": "Yphone",
    "slug": "yphone",
    "image": "",
    "description": "Best Phone for you,",
    "price": "199.00",
    "available": true,
    "created": "2024-06-25T04:27:39.638Z",
    "updated": "2024-06-25T04:27:39.638Z"
  }
},
{
  "model": "shop.product",
  "pk": 2,
  "fields": {
    "category": 1,
    "name": "Headphone",
    "slug": "headphone",
    "image": "",
    "description": "For you",
    "price": "59.00",
    "available": true,
    "created": "2024-06-25T05:54:56.699Z",
    "updated": "2024-06-25T05:54:56.699Z"
  }
},
{
  "model": "shop.product",
  "pk": 3,
  "fields": {
    "category": 2,
    "name": "Long Coat for Men",
    "slug": "long-coat-for-men",
    "image": "products/2024/06/25/long_coat.webp",
    "description": "Looks Great for you",
    "price": "299.00",
    "available": true,
    "created": "2024-06-25T05:56:50.500Z",
    "updated": "2024-06-25T05:56:50.500Z"
  }
},
{
  "model": "orders.order",
  "pk": 1,
  "fields": {
    "first_name": "Bikas",
    "last_name": "Dahal",
    "email": "bikkydahal@gmail.com",
    "address": "Thulakhet",
    "postal_code": "33700",
    "city": "Pokhara",
    "created": "2024-06-25T06:56:23.210Z",
    "updated": "2024-06-25T06:56:23.210Z",
    "paid": false,
    "stripe_id": "",
    "coupon": null,
    "discount": 0
  }
},
{
  "model": "orders.order",
  "pk": 2,
  "fields": {
    "first_name": "Bikas",
    "last_name": "Dahal",
    "email": "bikkydahal@gmail.com",
    "address": "Thulakhet",
    "postal_code": "33600",
    "city": "Pokhara",
    "created": "2024-06-25T07:35:37.144Z",
    "updated": "2024-06-25T07:35:37.144Z",
    "paid": false,
    "stripe_id": "",
    "coupon": null,
    "discount": 0
  }
},
{
  "model": "orders.order",
  "pk": 3,
  "fields": {
    "first_name": "Bikas",
    "last_name": "Dahal",
    "email": "bikkydahal@gmail.com",
    "address": "Thulakhet",
    "postal_code": "33600",
    "city": "Pokhara",
    "created": "2024-06-25T08:08:16.384Z",
    "updated": "2024-06-25T08:08:16.384Z",
    "paid": false,
    "stripe_id": "",
    "coupon": null,
    "discount": 0
  }
},
{
  "model": "orders.order",
  "pk": 4,
  "fields": {
    "first_name": "Bikas",
    "last_name": "Dahal",
    "email": "bikkydahal@gmail.com",
    "address": "Thulakhet",
    "postal_code": "33600",
    "city": "Pokhara",
    "created": "2024-06-25T08:10:34.538Z",
    "updated": "2024-06-25T08:10:34.538Z",
    "paid": false,
    "stripe_id": "",
    "coupon": null,
    "discount": 0
  }
},
{
  "model": "orders.order",
  "pk": 5,
  "fields": {
    "first_name": "Bikas",
    "last_name": "Dahal",
    "email": "bikkydahal@gmail.com",
    "address": "Dhapakhel, Lalitpur-23",
    "postal_code": "23213",
    "city": "gg",
    "created": "2024-06-25T08:12:14.109Z",
    "updated": "2024-06-25T08:12:14.109Z",
    "paid": false,
    "stripe_id": "",
    "coupon": null,
    "discount": 0
  }
},
{
  "model": "orders.order",
  "pk": 6,
  "fields": {
    "first_name": "Bikas",
    "last_name": "Dahal",
    "email": "bikkydahal@gmail.com",
    "address": "Dhapakhel, Lalitpur-23",
    "postal_code": "2323",
    "city": "North Adelaide",
    "created": "2024-06-25T08:15:40.034Z",
    "updated": "2024-06-25T08:15:40.034Z",
    "paid": false,
    "stripe_id": "",
    "coupon": null,
    "discount": 0
  }
},
{
  "model": "orders.order",
  "pk": 7,
  "fields": {
    "first_name": "Ram",
    "last_name": "Lal",
    "email": "bikkydahal@gmail.com",
    "address": "Thulakhet",
    "postal_code": "12312",
    "city": "Pokhara",
    "created": "2024-06-25T08:30:11.651Z",
    "updated": "2024-06-25T08:30:11.651Z",
    "paid": false,
    "stripe_id": "",
    "coupon": null,
    "discount": 0
  }
},
{
  "model": "orders.order",
  "pk": 8,
  "fields": {
    "first_name": "Bikas",
    "last_name": "Dahal",
    "email": "bikkydahal@gmail.com",
    "address": "2323",
    "postal_code": "23123",
    "city": "washington",
    "created": "2024-06-25T08:32:13.473Z",
    "updated": "2024-06-25T08:32:13.473Z",
    "paid": false,
    "stripe_id": "",
    "coupon": null,
    "discount": 0
  }
},
{
  "model": "orders.order",
  "pk": 9,
  "fields": {
    "first_name": "Bikas",
    "last_name": "Dahal",
    "email": "bikkydahal@gmail.com",
    "address": "Thulakhet",
    "postal_code": "21313",
    "city": "Pokhara",
    "created": "2024-06-25T08:49:23.505Z",
    "updated": "2024-06-25T08:49:23.505Z",
    "paid": false,
    "stripe_id": "",
    "coupon": null,
    "discount": 0
  }
},
{
  "model": "orders.order",
  "pk": 10,
  "fields": {
    "first_name": "Bikas",
    "last_name": "Dahal",
    "email": "bikkydahal@gmail.com",
    "address": "Thulakhet",
    "postal_code": "12314",
    "city": "North Adelaide",
    "created": "2024-06-25T14:28:37.826Z",
    "updated": "2024-06-25T14:28:37.826Z",
    "paid": false,
    "stripe_id": "",
    "coupon": null,
    "discount": 0
  }
},
{
  "model": "orders.order",
  "pk": 11,
  "fields": {
    "first_name": "Bikas",
    "last_name": "Dahal",
    "email": "bikkydahal@gmail.com",
    "address": "Thulakhet",
    "postal_code": "123123",
    "city": "washington",
    "created": "2024-06-25T15:32:48.388Z",
    "updated": "2024-06-25T15:33:12.104Z",
    "paid": true,
    "stripe_id": "",
    "coupon": null,
    "discount": 0
  }
},
{
  "model": "orders.order",
  "pk": 12,
  "fields": {
    "first_name": "Bikas",
    "last_name": "Dahal",
    "email": "bikkydahal@gmail.com",
    "address": "12313",
    "postal_code": "14311",
    "city": "pokhara",
    "created": "2024-06-25T16:48:01.652Z",
    "updated": "2024-06-25T16:48:22.736Z",
    "paid": true,
    "stripe_id": "pi_3PVcXZDd4ozYLwPJ20QTvgHQ",
    "coupon": null,
    "discount": 0
  }
},
{
  "model": "orders.order",
  "pk": 13,
  "fields": {
    "first_name": "Bikas",
    "last_name": "Dahal",
    "email": "bikkydahal@gmail.com",
    "address": "Thulakhet",
    "postal_code": "123123",
    "city": "pokhara",
    "created": "2024-06-25T16:50:05.475Z",
    "updated": "2024-06-25T16:50:25.532Z",
    "paid": true,
    "stripe_id": "pi_3PVcZXDd4ozYLwPJ0DKQdW0G",
    "coupon": null,
    "discount": 0
  }
},
{
  "model": "orders.order",
  "pk": 14,
  "fields": {
    "first_name": "Bikas",
    "last_name": "Dahal",
    "email": "bikkydahal@gmail.com",
    "address": "Thulakhet",
    "postal_code": "12313",
    "city": "North Adelaide",
    "created": "2024-06-25T17:19:20.743Z",
    "updated": "2024-06-25T17:22:24.197Z",
    "paid": true,
    "stripe_id": "pi_3PVd4UDd4ozYLwPJ0WREaLko",
    "coupon": 1,
    "discount": 20
  }
},
{
  "model": "orders.order",
  "pk": 15,
  "fields": {
    "first_name": "Bikas",
    "last_name": "Dahal",
    "email": "bikkydahal@gmail.com",
    "address": "Thulakhet",
    "postal_code": "123",
    "city": "washington",
    "created": "2024-06-25T18:12:08.214Z",
    "updated": "2024-06-25T18:12:08.214Z",
    "paid": false,
    "stripe_id": "",
    "coupon": null,
    "discount": 0
  }
},
{
  "model": "orders.order",
  "pk": 16,
  "fields": {
    "first_name": "Bikas",
    "last_name": "Dahal",
    "email": "bikkydahal@gmail.com",
    "address": "Thulakhet",
    "postal_code": "123",
    "city": "washington",
    "created": "2024-06-26T01:12:45.227Z",
    "updated": "2024-06-26T01:12:45.227Z",
    "paid": false,
    "stripe_id": "",
    "coupon": null,
    "discount": 0
  }
},
{
  "model": "orders.orderitem",
  "pk": 1,
  "fields": {
    "order": 1,
    "product": 3,
    "price": "12.00",
    "quantity": 1
  }
},
{
  "model": "orders.orderitem",
  "pk": 2,
  "fields": {
    "order": 2,
    "product": 3,
    "price": "299.00",
    "quantity": 1
  }
},
{
  "model": "orders.orderitem",
  "pk": 3,
  "fields": {
    "order": 3,
    "product": 1,
    "price": "199.00",
    "quantity": 1
  }
},
{
  "model": "orders.orderitem",
  "pk": 4,
  "fields": {
    "order": 5,
    "product": 1,
    "price": "199.00",
    "quantity": 3
  }
},
{
  "model": "orders.orderitem",
  "pk": 5,
  "fields": {
    "order": 6,
    "product": 1,
    "price": "199.00",
    "quantity": 2
  }
},
{
  "model": "orders.orderitem",
  "pk": 6,
  "fields": {
    "order": 7,
    "product": 1,
    "price": "199.00",
    "quantity": 3
  }
},
{
  "model": "orders.orderitem",
  "pk": 7,
  "fields": {
    "order": 8,
    "product": 1,
    "price": "199.00",
    "quantity": 1
  }
},
{
  "model": "orders.orderitem",
  "pk": 8,
  "fields": {
    "order": 9,
    "product": 3,
    "price": "299.00",
    "quantity": 1
  }
},
{
  "model": "orders.orderitem",
  "pk": 9,
  "fields": {
    "order": 10,
    "product": 3,
    "price": "299.00",
    "quantity": 1
  }
},
{
  "model": "orders.orderitem",
  "pk": 10,
  "fields": {
    "order": 11,
    "product": 3,
    "price": "299.00",
    "quantity": 4
  }
},
{
  "model": "orders.orderitem",
  "pk": 11,
  "fields": {
    "order": 12,
    "product": 3,
    "price": "299.00",
    "quantity": 1
  }
},
{
  "model": "orders.orderitem",
  "pk": 12,
  "fields": {
    "order": 13,
    "product": 2,
    "price": "59.00",
    "quantity": 1
  }
},
{
  "model": "orders.orderitem",
  "pk": 13,
  "fields": {
    "order": 13,
    "product": 3,
    "price": "299.00",
    "quantity": 1
  }
},
{
  "model": "orders.orderitem",
  "pk": 14,
  "fields": {
    "order": 14,
    "product": 3,
    "price": "299.00",
    "quantity": 1
  }
},
{
  "model": "orders.orderitem",
  "pk": 15,
  "fields": {
    "order": 15,
    "product": 3,
    "price": "299.00",
    "quantity": 1
  }
},
{
  "model": "orders.orderitem",
  "pk": 16,
  "fields": {
    "order": 16,
    "product": 3,
    "price": "299.00",
    "quantity": 1
  }
},
{
  "model": "coupons.coupon",
  "pk": 1,
  "fields": {
    "code": "SYAM",
    "valid_from": "2024-06-25T16:57:20Z",
    "valid_to": "2024-06-30T16:57:25Z",
    "discount": 20,
    "active": true
  }
},
{
  "model": "functions.userinteraction",
  "pk": 1,
  "fields": {
    "user": 1,
    "question": "hi",
    "answer": "Hi there! What can I do for you today? \n",
    "timestamp": "2024-06-06T11:47:39.766Z"
  }
},
{
  "model": "functions.userinteraction",
  "pk": 2,
  "fields": {
    "user": 1,
    "question": "code for python game",
    "answer": "```python\nimport random\n\ndef play_game():\n  \"\"\"Plays a simple number guessing game.\"\"\"\n\n  print(\"Welcome to the Number Guessing Game!\")\n  print(\"I'm thinking of a number between 1 and 100.\")\n\n  secret_number = random.randint(1, 100)\n  guesses_left = 10\n\n  while guesses_left > 0:\n    try:\n      guess = int(input(f\"You have {guesses_left} guesses left. Guess a number: \"))\n    except ValueError:\n      print(\"Invalid input. Please enter a number.\")\n      continue\n\n    if guess < secret_number:\n      print(\"Too low!\")\n    elif guess > secret_number:\n      print(\"Too high!\")\n    else:\n      print(f\"Congratulations! You guessed the number {secret_number} in {10 - guesses_left} tries.\")\n      return\n\n    guesses_left -= 1\n\n  print(f\"You ran out of guesses! The number was {secret_number}.\")\n\nif __name__ == \"__main__\":\n  play_game()\n```\n\n**Explanation:**\n\n1. **Import random:** This line imports the `random` module, which allows us to generate random numbers.\n2. **`play_game()` function:** This function contains the core logic of the game.\n   - It prints a welcome message and explains the rules.\n   - **`secret_number = random.randint(1, 100)`:** Generates a random integer between 1 and 100 for the player to guess.\n   - **`guesses_left = 10`:** Sets the initial number of guesses to 10.\n   - **`while guesses_left > 0` loop:** This loop continues until the player runs out of guesses.\n     - **`try...except` block:** This handles the case where the player enters invalid input (e.g., a string instead of a number).\n     - **`guess = int(input(...))`:** Prompts the player for a guess and converts the input to an integer.\n     - **`if...elif...else` block:** Compares the player's guess to the secret number and provides feedback.\n     - **`guesses_left -= 1`:** Decrements the number of guesses left after each attempt.\n3. **`if __name__ == \"__main__\":` block:** This ensures that the `play_game()` function is only called when the script is run directly (not imported as a module).\n\n**To play the game:**\n\n1. Save the code as a `.py` file (e.g., `guessing_game.py`).\n2. Run the file from your terminal using `python guessing_game.py`.\n",
    "timestamp": "2024-06-06T11:47:57.599Z"
  }
},
{
  "model": "functions.userinteraction",
  "pk": 3,
  "fields": {
    "user": 1,
    "question": "write homework for essay in ai",
    "answer": "## AI Essay Homework: Exploring the Impact of AI on Society\n\n**Instructions:**\n\nChoose **one** of the following topics and write an essay of 1000-1500 words. Remember to support your arguments with relevant evidence and cite your sources. \n\n**Topics:**\n\n**1. The Ethics of AI:**\n\n* Discuss the ethical implications of developing and deploying AI systems, focusing on areas like bias, transparency, accountability, and potential job displacement. \n* Explore the role of regulation in mitigating these risks.\n* Consider the potential benefits and challenges of AI in shaping a more equitable and just society.\n\n**2. The Future of Work in the Age of AI:**\n\n* Analyze how AI is transforming various industries, highlighting specific examples of automation and its impact on employment.\n* Discuss the potential for AI to create new jobs and opportunities, as well as the skills and education needed to adapt to this changing workforce.\n* Examine the debate surrounding universal basic income as a potential solution to AI-related job displacement.\n\n**3. AI and Healthcare:**\n\n* Explore the various ways AI is being used in healthcare, including diagnostics, drug discovery, personalized treatment, and patient care. \n* Discuss the potential benefits of AI in improving healthcare outcomes and reducing costs.\n* Analyze the ethical considerations and challenges associated with using AI in medical decision-making.\n\n**4. The Role of AI in Education:**\n\n* Analyze the potential of AI to personalize learning experiences and enhance student engagement. \n* Discuss how AI can be used for automated grading, personalized tutoring, and adaptive learning platforms.\n* Explore the challenges and ethical considerations associated with integrating AI into educational systems.\n\n**5. AI and the Arts:**\n\n* Explore the impact of AI on creative fields like music, visual arts, and literature. \n* Discuss how AI can be used to generate new creative works and enhance artistic expression.\n* Analyze the ethical questions surrounding AI-generated art and its potential to redefine our understanding of creativity.\n\n**Submission Instructions:**\n\n* Submit your essay in a digital format (PDF preferred) by [date].\n* Use clear and concise language.\n* Cite all sources using a consistent style guide (e.g., MLA, APA). \n* Include a bibliography/works cited list.\n\n**Bonus:**\n\n* Conduct an interview with an expert in AI to gain a deeper understanding of the topic you've chosen. \n* Develop a creative project (e.g., a short film, a musical piece, an artwork) that reflects your understanding of the impact of AI on society. \n\n**Remember:**\n\n* This essay assignment is designed to encourage you to think critically about the potential impact of AI on society and explore both the opportunities and challenges it presents. \n* Be sure to express your own perspectives and engage in thoughtful analysis.\n\n**Good luck!** \n",
    "timestamp": "2024-06-07T00:48:54.458Z"
  }
},
{
  "model": "functions.userinteraction",
  "pk": 4,
  "fields": {
    "user": 1,
    "question": "hi",
    "answer": "Hi there! How can I help you today? \n",
    "timestamp": "2024-06-07T01:05:56.761Z"
  }
},
{
  "model": "functions.userinteraction",
  "pk": 5,
  "fields": {
    "user": 1,
    "question": "hi",
    "answer": "Hi! How can I help you today? \n",
    "timestamp": "2024-06-07T01:06:29.206Z"
  }
}
]
